-0.0234375	121200.864	Raw
-0.017578125	121200.880	Raw
-0.0146484375	121200.880	Raw
-0.01171875	121200.880	Raw
-0.005859375	121200.896	Raw
-0.005859375	121200.896	Raw
-0.005859375	121200.942	Raw
-0.0146484375	121200.958	Raw
-0.0234375	121200.958	Raw
-0.0263671875	121200.958	Raw
-0.0322265625	121200.974	Raw
-0.0380859375	121200.974	Raw
-0.03515625	121200.989	Raw
-0.03515625	121200.989	Raw
-0.0380859375	121201.005	Raw
-0.041015625	121201.020	Raw
-0.0380859375	121201.020	Raw
-0.03515625	121201.036	Raw
-0.0380859375	121201.036	Raw
-0.029296875	121201.052	Raw
-0.029296875	121201.052	Raw
-0.0263671875	121201.067	Raw
-0.0263671875	121201.067	Raw
-0.0234375	121201.083	Raw
-0.0205078125	121201.098	Raw
-0.017578125	121201.098	Raw
-0.01171875	121201.114	Raw
-0.0087890625	121201.130	Raw
-0.01171875	121201.130	Raw
-0.017578125	121201.145	Raw
-0.0146484375	121201.145	Raw
0	121201.161	Raw
0.0498046875	121201.176	Raw
0.041015625	121201.176	Raw
0.099609375	121201.192	Raw
0.087890625	121201.208	Raw
0.05859375	121201.223	Raw
-0.005859375	121201.239	Raw
-0.0556640625	121201.239	Raw
-0.0732421875	121201.254	Raw
-0.076171875	121201.254	Raw
-0.1171875	121201.286	Raw
-0.1376953125	121201.286	Raw
0.3134765625	121201.286	Raw
0.9404296875	121201.301	Raw
1.0869140625	121201.301	Raw
-0.0703125	121201.317	Raw
-0.421875	121201.317	Raw
-0.3544921875	121201.332	Raw
-0.333984375	121201.348	Raw
-0.3076171875	121201.348	Raw
-0.2783203125	121201.348	Raw
-0.24609375	121201.379	Raw
-0.2109375	121201.379	Raw
-0.1875	121201.395	Raw
-0.1611328125	121201.410	Raw
-0.134765625	121201.410	Raw
-0.1171875	121201.426	Raw
-0.09375	121201.426	Raw
-0.0849609375	121201.442	Raw
-0.05859375	121201.457	Raw
-0.046875	121201.457	Raw
-0.041015625	121201.473	Raw
-0.017578125	121201.488	Raw
0.0029296875	121201.488	Raw
0.01171875	121201.520	Raw
0.0263671875	121201.520	Raw
0.046875	121201.535	Raw
0.064453125	121201.535	Raw
0.0732421875	121201.551	Raw
0.08203125	121201.551	Raw
0.0791015625	121201.551	Raw
0.076171875	121201.566	Raw
0.0498046875	121201.582	Raw
0.0146484375	121201.598	Raw
-0.0205078125	121201.598	Raw
-0.0380859375	121201.598	Raw
-0.0556640625	121201.629	Raw
-0.05859375	121201.644	Raw
-0.046875	121201.644	Raw
-0.046875	121201.644	Raw
-0.03515625	121201.660	Raw
-0.029296875	121201.676	Raw
-0.029296875	121201.676	Raw
-0.017578125	121201.691	Raw
-0.017578125	121201.691	Raw
-0.017578125	121201.707	Raw
-0.017578125	121201.738	Raw
-0.0205078125	121201.738	Raw
-0.0234375	121201.738	Raw
-0.0263671875	121201.738	Raw
-0.0322265625	121201.769	Raw
-0.0205078125	121201.769	Raw
-0.0263671875	121201.785	Raw
-0.0205078125	121201.800	Raw
-0.0322265625	121201.800	Raw
-0.029296875	121201.816	Raw
-0.0263671875	121201.832	Raw
-0.0234375	121201.847	Raw
-0.0234375	121201.863	Raw
-0.0263671875	121201.863	Raw
-0.0234375	121201.878	Raw
-0.0234375	121201.878	Raw
-0.0234375	121201.894	Raw
-0.0205078125	121201.894	Raw
-0.0263671875	121201.894	Raw
-0.017578125	121201.910	Raw
-0.0263671875	121201.941	Raw
-0.0087890625	121201.941	Raw
0.01171875	121201.941	Raw
0.0380859375	121201.956	Raw
0.041015625	121201.956	Raw
0.111328125	121201.972	Raw
0.0791015625	121201.972	Raw
0.03515625	121201.988	Raw
-0.0205078125	121202.003	Raw
-0.05859375	121202.003	Raw
-0.08203125	121202.019	Raw
-0.076171875	121202.034	Raw
-0.1259765625	121202.050	Raw
-0.0615234375	121202.050	Raw
0.4921875	121202.050	Raw
1.1279296875	121202.066	Raw
0.9140625	121202.081	Raw
-0.2607421875	121202.097	Raw
-0.5302734375	121202.097	Raw
-0.369140625	121202.112	Raw
-0.322265625	121202.128	Raw
-0.298828125	121202.128	Raw
-0.2666015625	121202.144	Raw
-0.2314453125	121202.144	Raw
-0.19921875	121202.159	Raw
-0.1728515625	121202.175	Raw
-0.146484375	121202.175	Raw
-0.123046875	121202.206	Raw
-0.10546875	121202.253	Raw
-0.0849609375	121202.253	Raw
-0.0703125	121202.253	Raw
-0.0556640625	121202.284	Raw
-0.046875	121202.284	Raw
-0.0263671875	121202.300	Raw
-0.005859375	121202.315	Raw
0.0087890625	121202.315	Raw
0.0205078125	121202.331	Raw
0.041015625	121202.346	Raw
0.05859375	121202.346	Raw
0.076171875	121202.346	Raw
0.0791015625	121202.362	Raw
0.08203125	121202.362	Raw
0.08203125	121202.362	Raw
0.0732421875	121202.378	Raw
0.046875	121202.378	Raw
0.0234375	121202.393	Raw
-0.01171875	121202.393	Raw
-0.029296875	121202.409	Raw
-0.0380859375	121202.409	Raw
-0.0380859375	121202.424	Raw
-0.041015625	121202.424	Raw
-0.0234375	121202.440	Raw
-0.0234375	121202.440	Raw
-0.017578125	121202.456	Raw
-0.01171875	121202.456	Raw
-0.005859375	121202.471	Raw
-0.0029296875	121202.471	Raw
-0.0029296875	121202.487	Raw
-0.005859375	121202.502	Raw
-0.0146484375	121202.502	Raw
-0.01171875	121202.518	Raw
-0.0234375	121202.534	Raw
-0.0263671875	121202.549	Raw
-0.0263671875	121202.549	Raw
-0.029296875	121202.565	Raw
-0.0322265625	121202.580	Raw
-0.029296875	121202.580	Raw
-0.029296875	121202.596	Raw
-0.029296875	121202.612	Raw
-0.0263671875	121202.612	Raw
-0.0234375	121202.627	Raw
-0.0234375	121202.627	Raw
-0.0234375	121202.643	Raw
-0.0234375	121202.643	Raw
-0.0205078125	121202.658	Raw
0.005859375	121202.674	Raw
0.0556640625	121202.690	Raw
0.0439453125	121202.690	Raw
0.111328125	121202.705	Raw
0.0791015625	121202.705	Raw
0.0498046875	121202.721	Raw
-0.017578125	121202.736	Raw
-0.0673828125	121202.752	Raw
-0.0849609375	121202.752	Raw
-0.0908203125	121202.768	Raw
-0.1259765625	121202.768	Raw
-0.1435546875	121202.783	Raw
0.3017578125	121202.799	Raw
0.9462890625	121202.814	Raw
1.125	121202.830	Raw
-0.0908203125	121202.830	Raw
-0.5009765625	121202.830	Raw
-0.375	121202.846	Raw
-0.3369140625	121202.861	Raw
-0.3134765625	121202.861	Raw
-0.2783203125	121202.877	Raw
-0.24609375	121202.877	Raw
-0.216796875	121202.908	Raw
-0.1904296875	121202.908	Raw
-0.1669921875	121202.924	Raw
-0.1435546875	121202.924	Raw
-0.123046875	121202.924	Raw
-0.099609375	121202.955	Raw
-0.0791015625	121202.955	Raw
-0.064453125	121202.970	Raw
-0.0556640625	121202.986	Raw
-0.0439453125	121202.986	Raw
-0.0263671875	121203.002	Raw
-0.005859375	121203.017	Raw
0.0087890625	121203.017	Raw
0.0322265625	121203.017	Raw
0.0439453125	121203.033	Raw
0.05859375	121203.048	Raw
0.0673828125	121203.048	Raw
0.0732421875	121203.064	Raw
0.0732421875	121203.064	Raw
0.0732421875	121203.080	Raw
0.046875	121203.095	Raw
0.0087890625	121203.095	Raw
-0.0146484375	121203.095	Raw
-0.0322265625	121203.126	Raw
-0.046875	121203.126	Raw
-0.0439453125	121203.142	Raw
-0.0380859375	121203.142	Raw
-0.0380859375	121203.158	Raw
-0.03515625	121203.173	Raw
-0.0205078125	121203.173	Raw
-0.0146484375	121203.189	Raw
-0.017578125	121203.189	Raw
-0.0087890625	121203.204	Raw
-0.005859375	121203.220	Raw
-0.0087890625	121203.220	Raw
-0.01171875	121203.236	Raw
-0.0146484375	121203.251	Raw
-0.0234375	121203.267	Raw
-0.0263671875	121203.282	Raw
-0.0322265625	121203.298	Raw
-0.03515625	121203.314	Raw
-0.03515625	121203.345	Raw
-0.0380859375	121203.345	Raw
-0.0322265625	121203.345	Raw
-0.0322265625	121203.376	Raw
-0.03515625	121203.376	Raw
-0.0234375	121203.376	Raw
-0.0146484375	121203.392	Raw
0.0380859375	121203.407	Raw
0.0234375	121203.423	Raw
0.0966796875	121203.423	Raw
0.0703125	121203.438	Raw
0.0439453125	121203.438	Raw
-0.017578125	121203.454	Raw
-0.064453125	121203.532	Raw
-0.08203125	121203.532	Raw
-0.08203125	121203.548	Raw
-0.1083984375	121203.563	Raw
-0.1728515625	121203.563	Raw
0.1728515625	121203.579	Raw
0.814453125	121203.579	Raw
1.212890625	121203.579	Raw
0.1201171875	121203.594	Raw
-0.439453125	121203.594	Raw
-0.3779296875	121203.610	Raw
-0.333984375	121203.626	Raw
-0.310546875	121203.626	Raw
-0.2841796875	121203.626	Raw
-0.2490234375	121203.641	Raw
-0.2138671875	121203.641	Raw
-0.1904296875	121203.657	Raw
-0.1640625	121203.672	Raw
-0.140625	121203.672	Raw
-0.1201171875	121203.688	Raw
-0.1025390625	121203.688	Raw
-0.08203125	121203.704	Raw
-0.0673828125	121203.704	Raw
-0.0498046875	121203.719	Raw
-0.0380859375	121203.719	Raw
-0.0205078125	121203.735	Raw
0	121203.735	Raw
0.017578125	121203.750	Raw
0.029296875	121203.750	Raw
0.046875	121203.766	Raw
0.05859375	121203.782	Raw
0.0673828125	121203.782	Raw
0.0703125	121203.797	Raw
0.0732421875	121203.797	Raw
0.0703125	121203.797	Raw
0.0439453125	121203.828	Raw
0.017578125	121203.828	Raw
-0.005859375	121203.828	Raw
-0.0205078125	121203.828	Raw
-0.0263671875	121203.844	Raw
-0.0380859375	121203.860	Raw
-0.0322265625	121203.860	Raw
-0.029296875	121203.860	Raw
-0.0263671875	121203.860	Raw
-0.0146484375	121203.875	Raw
-0.01171875	121203.875	Raw
-0.005859375	121203.891	Raw
0	121203.906	Raw
-0.0029296875	121203.906	Raw
-0.01171875	121203.922	Raw
-0.0146484375	121203.922	Raw
-0.01171875	121203.938	Raw
-0.0205078125	121203.953	Raw
-0.0234375	121203.953	Raw
-0.029296875	121203.984	Raw
-0.03515625	121203.984	Raw
-0.0380859375	121204.000	Raw
-0.0380859375	121204.016	Raw
-0.0380859375	121204.016	Raw
-0.0322265625	121204.031	Raw
-0.017578125	121204.031	Raw
0.0380859375	121204.047	Raw
0.0234375	121204.047	Raw
0.0849609375	121204.062	Raw
0.052734375	121204.078	Raw
0.0322265625	121204.094	Raw
-0.0322265625	121204.094	Raw
-0.08203125	121204.109	Raw
-0.09375	121204.109	Raw
-0.0908203125	121204.125	Raw
-0.1083984375	121204.125	Raw
-0.1669921875	121204.140	Raw
0.1845703125	121204.156	Raw
0.837890625	121204.156	Raw
1.2099609375	121204.187	Raw
0.0908203125	121204.187	Raw
-0.41015625	121204.187	Raw
-0.3515625	121204.203	Raw
-0.3251953125	121204.218	Raw
-0.3046875	121204.234	Raw
-0.2783203125	121204.234	Raw
-0.2490234375	121204.234	Raw
-0.205078125	121204.250	Raw
-0.1845703125	121204.265	Raw
-0.1640625	121204.265	Raw
-0.1435546875	121204.296	Raw
-0.123046875	121204.296	Raw
-0.09375	121204.296	Raw
-0.08203125	121204.312	Raw
-0.0615234375	121204.328	Raw
-0.0498046875	121204.343	Raw
-0.0380859375	121204.343	Raw
-0.0205078125	121204.343	Raw
-0.0029296875	121204.374	Raw
0.01171875	121204.374	Raw
0.029296875	121204.390	Raw
0.0556640625	121204.390	Raw
0.0615234375	121204.406	Raw
0.0673828125	121204.406	Raw
0.0732421875	121204.421	Raw
0.08203125	121204.437	Raw
0.08203125	121204.437	Raw
0.0556640625	121204.452	Raw
0.0234375	121204.452	Raw
-0.0087890625	121204.468	Raw
-0.0205078125	121204.484	Raw
-0.0322265625	121204.499	Raw
-0.029296875	121204.515	Raw
-0.029296875	121204.515	Raw
-0.0234375	121204.530	Raw
-0.01171875	121204.530	Raw
-0.0029296875	121204.546	Raw
-0.0029296875	121204.546	Raw
0	121204.562	Raw
0.0029296875	121204.577	Raw
0	121204.593	Raw
-0.0087890625	121204.593	Raw
-0.0146484375	121204.608	Raw
-0.0205078125	121204.608	Raw
-0.0263671875	121204.624	Raw
-0.0263671875	121204.624	Raw
-0.029296875	121204.640	Raw
-0.029296875	121204.655	Raw
-0.029296875	121204.655	Raw
-0.0234375	121204.686	Raw
-0.0205078125	121204.702	Raw
-0.0087890625	121204.702	Raw
0.0263671875	121204.718	Raw
0.0380859375	121204.733	Raw
0.099609375	121204.733	Raw
0.0615234375	121204.749	Raw
0.0234375	121204.811	Raw
-0.0380859375	121204.811	Raw
-0.0849609375	121204.827	Raw
-0.08203125	121204.827	Raw
-0.08203125	121204.858	Raw
-0.123046875	121204.858	Raw
-0.123046875	121204.858	Raw
0.3662109375	121204.858	Raw
1.0283203125	121204.874	Raw
1.0634765625	121204.889	Raw
-0.15234375	121204.889	Raw
-0.5009765625	121204.889	Raw
-0.3720703125	121204.905	Raw
-0.3310546875	121204.905	Raw
-0.3046875	121204.920	Raw
-0.263671875	121204.920	Raw
-0.2373046875	121204.936	Raw
-0.2080078125	121204.936	Raw
-0.1845703125	121204.952	Raw
-0.1552734375	121204.952	Raw
-0.1318359375	121204.967	Raw
-0.10546875	121204.967	Raw
-0.099609375	121204.967	Raw
-0.076171875	121204.983	Raw
-0.0556640625	121204.983	Raw
-0.0439453125	121204.998	Raw
-0.0322265625	121204.998	Raw
-0.0146484375	121205.014	Raw
0	121205.014	Raw
0.0087890625	121205.030	Raw
0.0263671875	121205.045	Raw
0.0439453125	121205.045	Raw
0.0615234375	121205.061	Raw
0.0615234375	121205.076	Raw
0.0673828125	121205.076	Raw
0.0703125	121205.092	Raw
0.064453125	121205.108	Raw
0.046875	121205.108	Raw
0.0234375	121205.123	Raw
-0.0029296875	121205.123	Raw
-0.0234375	121205.139	Raw
-0.03515625	121205.154	Raw
-0.0380859375	121205.154	Raw
-0.029296875	121205.170	Raw
-0.0205078125	121205.186	Raw
-0.017578125	121205.201	Raw
-0.0029296875	121205.217	Raw
-0.005859375	121205.217	Raw
-0.0029296875	121205.232	Raw
-0.005859375	121205.232	Raw
0	121205.248	Raw
-0.01171875	121205.248	Raw
-0.0146484375	121205.264	Raw
-0.029296875	121205.295	Raw
-0.029296875	121205.295	Raw
-0.0234375	121205.310	Raw
-0.0263671875	121205.310	Raw
-0.0322265625	121205.326	Raw
-0.0263671875	121205.326	Raw
-0.0234375	121205.342	Raw
-0.0146484375	121205.342	Raw
0.0029296875	121205.342	Raw
0.0263671875	121205.373	Raw
0.0556640625	121205.373	Raw
0.08203125	121205.373	Raw
0.0556640625	121205.404	Raw
-0.005859375	121205.420	Raw
-0.0556640625	121205.435	Raw
-0.076171875	121205.435	Raw
-0.08203125	121205.435	Raw
-0.0908203125	121205.435	Raw
-0.1376953125	121205.451	Raw
-0.0205078125	121205.451	Raw
0.5625	121205.466	Raw
1.177734375	121205.466	Raw
0.7177734375	121205.498	Raw
-0.3837890625	121205.498	Raw
-0.5068359375	121205.529	Raw
-0.3544921875	121205.529	Raw
-0.3134765625	121205.529	Raw
-0.28125	121205.544	Raw
-0.2490234375	121205.747	Raw
-0.2255859375	121205.747	Raw
-0.1904296875	121205.763	Raw
-0.1611328125	121205.763	Raw
-0.146484375	121205.763	Raw
-0.1259765625	121205.763	Raw
-0.111328125	121205.763	Raw
-0.09375	121205.763	Raw
-0.0703125	121205.763	Raw
-0.046875	121205.763	Raw
-0.0380859375	121205.763	Raw
-0.0234375	121205.763	Raw
-0.005859375	121205.763	Raw
0.005859375	121205.763	Raw
0.017578125	121205.763	Raw
0.029296875	121205.763	Raw
0.0439453125	121205.763	Raw
0.0556640625	121205.763	Raw
0.0673828125	121205.763	Raw
0.0703125	121205.763	Raw
0.08203125	121205.763	Raw
0.064453125	121205.763	Raw
0.0439453125	121205.778	Raw
0.0146484375	121205.794	Raw
-0.005859375	121205.794	Raw
-0.0234375	121205.825	Raw
-0.0234375	121205.825	Raw
-0.0322265625	121205.841	Raw
-0.0234375	121205.841	Raw
-0.0205078125	121205.856	Raw
-0.01171875	121205.856	Raw
0	121205.888	Raw
-0.0087890625	121205.888	Raw
0.0029296875	121205.903	Raw
0.0029296875	121205.903	Raw
0	121205.934	Raw
-0.0087890625	121205.934	Raw
-0.017578125	121205.934	Raw
-0.0205078125	121205.950	Raw
-0.0205078125	121205.950	Raw
-0.029296875	121205.966	Raw
-0.0322265625	121205.966	Raw
-0.0380859375	121205.981	Raw
-0.029296875	121205.981	Raw
-0.03515625	121205.997	Raw
-0.0380859375	121205.997	Raw
-0.029296875	121206.012	Raw
-0.029296875	121206.028	Raw
-0.029296875	121206.075	Raw
-0.0322265625	121206.090	Raw
-0.0234375	121206.090	Raw
-0.01171875	121206.106	Raw
0.029296875	121206.106	Raw
0.03515625	121206.137	Raw
0.09375	121206.137	Raw
0.0556640625	121206.137	Raw
0.0205078125	121206.153	Raw
-0.03515625	121206.153	Raw
-0.076171875	121206.168	Raw
-0.08203125	121206.168	Raw
-0.076171875	121206.184	Raw
-0.1201171875	121206.184	Raw
-0.1201171875	121206.200	Raw
0.36328125	121206.200	Raw
1.013671875	121206.215	Raw
1.0869140625	121206.215	Raw
-0.181640625	121206.231	Raw
-0.515625	121206.231	Raw
-0.3837890625	121206.246	Raw
-0.3310546875	121206.262	Raw
-0.3046875	121206.262	Raw
-0.2783203125	121206.262	Raw
-0.24609375	121206.278	Raw
-0.2109375	121206.293	Raw
-0.1875	121206.293	Raw
-0.1611328125	121206.293	Raw
-0.1376953125	121206.309	Raw
-0.1201171875	121206.324	Raw
-0.1025390625	121206.340	Raw
-0.0791015625	121206.340	Raw
-0.0673828125	121206.356	Raw
-0.0498046875	121206.356	Raw
-0.0380859375	121206.371	Raw
-0.0234375	121206.371	Raw
-0.005859375	121206.387	Raw
0.0146484375	121206.402	Raw
0.03515625	121206.402	Raw
0.0498046875	121206.418	Raw
0.0703125	121206.434	Raw
0.0703125	121206.449	Raw
0.0703125	121206.465	Raw
0.0791015625	121206.465	Raw
0.064453125	121206.480	Raw
0.046875	121206.480	Raw
0.017578125	121206.496	Raw
-0.005859375	121206.496	Raw
-0.0322265625	121206.512	Raw
-0.041015625	121206.512	Raw
-0.0439453125	121206.543	Raw
-0.041015625	121206.543	Raw
-0.03515625	121206.558	Raw
-0.029296875	121206.558	Raw
-0.0234375	121206.574	Raw
-0.005859375	121206.574	Raw
0.0029296875	121206.590	Raw
0.0029296875	121206.605	Raw
0.0087890625	121206.605	Raw
0.0087890625	121206.621	Raw
0.0029296875	121206.636	Raw
-0.0029296875	121206.652	Raw
-0.017578125	121206.652	Raw
-0.0205078125	121206.652	Raw
-0.017578125	121206.668	Raw
-0.0205078125	121206.668	Raw
-0.0234375	121206.699	Raw
-0.029296875	121206.699	Raw
-0.03515625	121206.699	Raw
-0.0380859375	121206.730	Raw
-0.0322265625	121206.746	Raw
-0.0380859375	121206.746	Raw
-0.0380859375	121206.746	Raw
-0.029296875	121206.761	Raw
-0.0263671875	121206.792	Raw
-0.0234375	121206.808	Raw
-0.0234375	121206.808	Raw
-0.0205078125	121206.839	Raw
-0.0234375	121206.839	Raw
-0.0263671875	121206.855	Raw
-0.0263671875	121206.855	Raw
-0.0205078125	121206.870	Raw
-0.0234375	121206.870	Raw
-0.0205078125	121206.870	Raw
-0.017578125	121206.870	Raw
-0.0205078125	121206.886	Raw
-0.017578125	121206.886	Raw
-0.0146484375	121206.902	Raw
-0.0205078125	121206.902	Raw
-0.01171875	121206.933	Raw
-0.0205078125	121206.933	Raw
-0.005859375	121206.948	Raw
0.03515625	121206.948	Raw
0.0322265625	121206.948	Raw
0.0703125	121206.980	Raw
0.099609375	121206.980	Raw
0.0703125	121206.995	Raw
-0.0029296875	121206.995	Raw
-0.0380859375	121207.011	Raw
-0.0673828125	121207.026	Raw
-0.076171875	121207.026	Raw
-0.0908203125	121207.058	Raw
-0.15234375	121207.058	Raw
0.146484375	121207.073	Raw
0.7939453125	121207.073	Raw
1.2978515625	121207.089	Raw
0.2958984375	121207.089	Raw
-0.486328125	121207.104	Raw
-0.4248046875	121207.104	Raw
-0.3486328125	121207.120	Raw
-0.3193359375	121207.136	Raw
-0.287109375	121207.151	Raw
-0.2578125	121207.151	Raw
-0.22265625	121207.167	Raw
-0.1904296875	121207.167	Raw
-0.1728515625	121207.182	Raw
-0.1435546875	121207.198	Raw
-0.1259765625	121207.198	Raw
-0.1083984375	121207.214	Raw
-0.08203125	121207.229	Raw
-0.0615234375	121207.229	Raw
-0.052734375	121207.245	Raw
-0.0380859375	121207.260	Raw
-0.0234375	121207.260	Raw
-0.0087890625	121207.276	Raw
0.0087890625	121207.276	Raw
0.0263671875	121207.292	Raw
0.0498046875	121207.292	Raw
0.064453125	121207.370	Raw
0.08203125	121207.370	Raw
0.08203125	121207.385	Raw
0.08203125	121207.401	Raw
0.087890625	121207.416	Raw
0.0732421875	121207.416	Raw
0.0439453125	121207.432	Raw
0.0087890625	121207.432	Raw
-0.0205078125	121207.432	Raw
-0.03515625	121207.448	Raw
-0.0498046875	121207.463	Raw
-0.0498046875	121207.463	Raw
-0.0498046875	121207.479	Raw
-0.0439453125	121207.494	Raw
-0.029296875	121207.494	Raw
-0.017578125	121207.510	Raw
-0.005859375	121207.510	Raw
0.0029296875	121207.510	Raw
0.005859375	121207.526	Raw
0.0087890625	121207.526	Raw
0.0146484375	121207.526	Raw
0.01171875	121207.541	Raw
0.0087890625	121207.557	Raw
0.0029296875	121207.572	Raw
0	121207.572	Raw
-0.0029296875	121207.572	Raw
-0.0146484375	121207.588	Raw
-0.01171875	121207.588	Raw
-0.01171875	121207.588	Raw
-0.017578125	121207.604	Raw
-0.017578125	121207.619	Raw
-0.017578125	121207.619	Raw
-0.0146484375	121207.635	Raw
-0.01171875	121207.650	Raw
-0.0087890625	121207.650	Raw
-0.0029296875	121207.666	Raw
-0.0087890625	121207.666	Raw
-0.005859375	121207.682	Raw
0	121207.682	Raw
0	121207.697	Raw
0.0029296875	121207.713	Raw
0.005859375	121207.713	Raw
0.0029296875	121207.728	Raw
0.005859375	121207.744	Raw
0.0087890625	121207.744	Raw
0.01171875	121207.775	Raw
0.017578125	121207.775	Raw
0.0146484375	121207.775	Raw
0.01171875	121207.791	Raw
0.01171875	121207.806	Raw
0.01171875	121207.806	Raw
0.017578125	121207.838	Raw
0.01171875	121207.838	Raw
0.01171875	121207.853	Raw
0.0146484375	121207.853	Raw
0.017578125	121207.869	Raw
0.0146484375	121207.869	Raw
0.01171875	121207.884	Raw
0.0205078125	121207.900	Raw
0.0263671875	121207.900	Raw
0.041015625	121207.900	Raw
0.076171875	121207.916	Raw
0.0791015625	121207.931	Raw
0.1376953125	121207.947	Raw
0.0966796875	121207.947	Raw
0.0556640625	121207.962	Raw
0	121207.978	Raw
-0.0380859375	121207.978	Raw
-0.05859375	121207.994	Raw
-0.05859375	121207.994	Raw
-0.111328125	121208.009	Raw
-0.0263671875	121208.025	Raw
0.5244140625	121208.025	Raw
1.142578125	121208.040	Raw
0.837890625	121208.056	Raw
-0.3076171875	121208.056	Raw
-0.439453125	121208.072	Raw
-0.33984375	121208.087	Raw
-0.3017578125	121208.087	Raw
-0.2841796875	121208.103	Raw
-0.251953125	121208.103	Raw
-0.216796875	121208.134	Raw
-0.1875	121208.134	Raw
-0.1611328125	121208.150	Raw
-0.1435546875	121208.181	Raw
-0.1201171875	121208.181	Raw
-0.10546875	121208.181	Raw
-0.0849609375	121208.196	Raw
-0.0703125	121208.196	Raw
-0.052734375	121208.196	Raw
-0.041015625	121208.212	Raw
-0.0234375	121208.228	Raw
-0.0146484375	121208.243	Raw
0	121208.243	Raw
0.0234375	121208.259	Raw
0.0439453125	121208.259	Raw
0.05859375	121208.290	Raw
0.076171875	121208.290	Raw
0.0791015625	121208.306	Raw
0.08203125	121208.306	Raw
0.0732421875	121208.306	Raw
0.0615234375	121208.321	Raw
0.03515625	121208.337	Raw
0.005859375	121208.337	Raw
-0.029296875	121208.352	Raw
-0.0556640625	121208.352	Raw
-0.0673828125	121208.384	Raw
-0.0732421875	121208.384	Raw
-0.0732421875	121208.399	Raw
-0.0732421875	121208.399	Raw
-0.0615234375	121208.415	Raw
-0.0556640625	121208.430	Raw
-0.0380859375	121208.430	Raw
-0.03515625	121208.446	Raw
-0.0263671875	121208.446	Raw
-0.0205078125	121208.446	Raw
-0.0146484375	121208.462	Raw
-0.0234375	121208.477	Raw
-0.0263671875	121208.493	Raw
-0.029296875	121208.493	Raw
-0.03515625	121208.508	Raw
-0.0380859375	121208.524	Raw
-0.046875	121208.524	Raw
-0.0556640625	121208.540	Raw
-0.05859375	121208.555	Raw
-0.0615234375	121208.555	Raw
-0.05859375	121208.571	Raw
-0.05859375	121208.602	Raw
-0.05859375	121208.602	Raw
-0.0556640625	121208.633	Raw
-0.05859375	121208.649	Raw
-0.0556640625	121208.664	Raw
-0.0556640625	121208.696	Raw
-0.052734375	121208.696	Raw
-0.0556640625	121208.711	Raw
-0.052734375	121208.711	Raw
-0.0498046875	121208.711	Raw
-0.0439453125	121208.727	Raw
-0.046875	121208.727	Raw
-0.041015625	121208.742	Raw
-0.0439453125	121208.742	Raw
-0.0439453125	121208.742	Raw
-0.041015625	121208.758	Raw
-0.03515625	121208.758	Raw
-0.0380859375	121208.774	Raw
-0.0322265625	121208.774	Raw
-0.029296875	121208.774	Raw
-0.0263671875	121208.789	Raw
-0.03515625	121208.789	Raw
-0.0322265625	121208.805	Raw
-0.03515625	121208.805	Raw
-0.0322265625	121208.820	Raw
-0.03515625	121208.820	Raw
-0.03515625	121208.836	Raw
-0.03515625	121208.852	Raw
-0.029296875	121208.867	Raw
-0.03515625	121208.867	Raw
-0.0322265625	121208.883	Raw
-0.017578125	121208.898	Raw
0.0263671875	121208.898	Raw
0.017578125	121208.914	Raw
0.0791015625	121208.914	Raw
0.0673828125	121208.930	Raw
0.03515625	121208.945	Raw
-0.0263671875	121208.945	Raw
-0.0703125	121208.961	Raw
-0.087890625	121208.976	Raw
-0.0849609375	121208.992	Raw
-0.1318359375	121208.992	Raw
-0.1201171875	121209.008	Raw
0.3544921875	121209.008	Raw
0.97265625	121209.023	Raw
1.0078125	121209.039	Raw
-0.169921875	121209.039	Raw
-0.4658203125	121209.039	Raw
-0.3720703125	121209.054	Raw
-0.3369140625	121209.070	Raw
-0.3076171875	121209.086	Raw
-0.28125	121209.101	Raw
-0.24609375	121209.101	Raw
-0.2138671875	121209.117	Raw
-0.1904296875	121209.132	Raw
-0.1640625	121209.132	Raw
-0.1435546875	121209.148	Raw
-0.12890625	121209.148	Raw
-0.10546875	121209.164	Raw
-0.0849609375	121209.179	Raw
-0.0732421875	121209.179	Raw
-0.05859375	121209.210	Raw
-0.041015625	121209.210	Raw
-0.0234375	121209.226	Raw
-0.0087890625	121209.226	Raw
0.0146484375	121209.242	Raw
0.03515625	121209.242	Raw
0.052734375	121209.257	Raw
0.0732421875	121209.257	Raw
0.0791015625	121209.273	Raw
0.087890625	121209.288	Raw
0.08203125	121209.304	Raw
0.0732421875	121209.304	Raw
0.0498046875	121209.320	Raw
0.0146484375	121209.320	Raw
-0.0205078125	121209.351	Raw
-0.0498046875	121209.351	Raw
-0.05859375	121209.351	Raw
-0.0615234375	121209.366	Raw
-0.0732421875	121209.366	Raw
-0.076171875	121209.382	Raw
-0.0703125	121209.398	Raw
-0.05859375	121209.398	Raw
-0.0439453125	121209.413	Raw
-0.0263671875	121209.429	Raw
-0.01171875	121209.429	Raw
-0.0205078125	121209.444	Raw
-0.0146484375	121209.444	Raw
-0.01171875	121209.460	Raw
-0.01171875	121209.476	Raw
-0.0205078125	121209.491	Raw
-0.0322265625	121209.491	Raw
-0.0322265625	121209.507	Raw
-0.0380859375	121209.507	Raw
-0.041015625	121209.522	Raw
-0.0380859375	121209.522	Raw
-0.0380859375	121209.538	Raw
-0.0380859375	121209.554	Raw
-0.046875	121209.554	Raw
-0.0439453125	121209.569	Raw
-0.0380859375	121209.585	Raw
-0.0439453125	121209.600	Raw
-0.03515625	121209.616	Raw
-0.0380859375	121209.616	Raw
-0.03515625	121209.616	Raw
-0.03515625	121209.632	Raw
-0.0263671875	121209.632	Raw
-0.0322265625	121209.647	Raw
-0.0205078125	121209.663	Raw
-0.0205078125	121209.663	Raw
-0.0205078125	121209.678	Raw
-0.0205078125	121209.694	Raw
-0.0234375	121209.694	Raw
-0.0234375	121209.741	Raw
-0.0234375	121209.741	Raw
-0.0234375	121209.741	Raw
-0.017578125	121209.756	Raw
-0.0234375	121209.756	Raw
-0.0205078125	121209.772	Raw
-0.017578125	121209.772	Raw
-0.0205078125	121209.772	Raw
-0.0234375	121209.788	Raw
-0.0205078125	121209.803	Raw
-0.017578125	121209.803	Raw
-0.01171875	121209.819	Raw
-0.0029296875	121209.834	Raw
0.03515625	121209.834	Raw
0.03515625	121209.850	Raw
0.0849609375	121209.850	Raw
0.0908203125	121209.944	Raw
0.0556640625	121209.944	Raw
-0.005859375	121209.959	Raw
-0.052734375	121209.959	Raw
-0.0732421875	121209.975	Raw
-0.08203125	121209.975	Raw
-0.10546875	121209.975	Raw
-0.134765625	121209.990	Raw
0.26953125	121210.006	Raw
0.908203125	121210.022	Raw
1.201171875	121210.022	Raw
0.0029296875	121210.022	Raw
-0.5419921875	121210.037	Raw
-0.4248046875	121210.037	Raw
-0.3369140625	121210.037	Raw
-0.3134765625	121210.053	Raw
-0.28125	121210.053	Raw
-0.2490234375	121210.068	Raw
-0.216796875	121210.068	Raw
-0.1875	121210.084	Raw
-0.1640625	121210.084	Raw
-0.1435546875	121210.100	Raw
-0.1201171875	121210.100	Raw
-0.09375	121210.131	Raw
-0.0791015625	121210.131	Raw
-0.05859375	121210.146	Raw
-0.0498046875	121210.146	Raw
-0.0380859375	121210.162	Raw
-0.0205078125	121210.162	Raw
-0.005859375	121210.178	Raw
0.005859375	121210.178	Raw
0.0322265625	121210.193	Raw
0.0556640625	121210.193	Raw
0.0732421875	121210.209	Raw
0.087890625	121210.209	Raw
0.0849609375	121210.224	Raw
0.08203125	121210.240	Raw
0.0791015625	121210.240	Raw
0.05859375	121210.240	Raw
0.029296875	121210.256	Raw
-0.0087890625	121210.271	Raw
-0.0380859375	121210.271	Raw
-0.0615234375	121210.287	Raw
-0.0703125	121210.302	Raw
-0.076171875	121210.302	Raw
-0.0791015625	121210.334	Raw
-0.064453125	121210.334	Raw
-0.0556640625	121210.349	Raw
-0.041015625	121210.349	Raw
-0.03515625	121210.365	Raw
-0.029296875	121210.380	Raw
-0.0205078125	121210.380	Raw
-0.0146484375	121210.396	Raw
-0.0205078125	121210.396	Raw
-0.0234375	121210.396	Raw
-0.0263671875	121210.427	Raw
-0.0322265625	121210.427	Raw
-0.03515625	121210.443	Raw
-0.0380859375	121210.443	Raw
-0.0380859375	121210.458	Raw
-0.0322265625	121210.474	Raw
-0.0380859375	121210.474	Raw
-0.0322265625	121210.490	Raw
-0.0380859375	121210.505	Raw
-0.0380859375	121210.505	Raw
-0.0322265625	121210.536	Raw
-0.03515625	121210.536	Raw
-0.03515625	121210.552	Raw
-0.0234375	121210.552	Raw
-0.0322265625	121210.552	Raw
-0.029296875	121210.568	Raw
-0.029296875	121210.568	Raw
-0.0234375	121210.599	Raw
-0.0263671875	121210.599	Raw
-0.0234375	121210.599	Raw
-0.0205078125	121210.614	Raw
-0.017578125	121210.646	Raw
-0.0234375	121210.646	Raw
-0.0146484375	121210.661	Raw
-0.01171875	121210.661	Raw
-0.01171875	121210.677	Raw
-0.0146484375	121210.677	Raw
-0.0146484375	121210.692	Raw
-0.0029296875	121210.692	Raw
0.0439453125	121210.692	Raw
0.0439453125	121210.724	Raw
0.1025390625	121210.739	Raw
0.076171875	121210.739	Raw
0.0498046875	121210.755	Raw
-0.0087890625	121210.755	Raw
-0.052734375	121210.770	Raw
-0.0703125	121210.770	Raw
-0.0732421875	121210.786	Raw
-0.123046875	121210.802	Raw
-0.0791015625	121210.802	Raw
0.4541015625	121210.817	Raw
1.078125	121210.848	Raw
0.9755859375	121210.848	Raw
-0.26953125	121210.864	Raw
-0.5126953125	121210.864	Raw
-0.375	121210.880	Raw
-0.333984375	121210.895	Raw
-0.2958984375	121210.911	Raw
-0.263671875	121210.911	Raw
-0.2314453125	121210.926	Raw
-0.2021484375	121210.926	Raw
-0.17578125	121210.942	Raw
-0.1494140625	121210.958	Raw
-0.1318359375	121210.958	Raw
-0.1083984375	121210.973	Raw
-0.09375	121210.973	Raw
-0.0703125	121210.989	Raw
-0.0556640625	121210.989	Raw
-0.0380859375	121211.004	Raw
-0.0234375	121211.004	Raw
-0.0087890625	121211.020	Raw
0.01171875	121211.020	Raw
0.029296875	121211.051	Raw
0.0498046875	121211.051	Raw
0.076171875	121211.051	Raw
0.087890625	121211.067	Raw
0.099609375	121211.082	Raw
0.0966796875	121211.098	Raw
0.0966796875	121211.098	Raw
0.087890625	121211.114	Raw
0.05859375	121211.129	Raw
0.0205078125	121211.207	Raw
-0.01171875	121211.207	Raw
-0.046875	121211.223	Raw
-0.0615234375	121211.254	Raw
-0.0673828125	121211.270	Raw
-0.0673828125	121211.270	Raw
-0.0615234375	121211.285	Raw
-0.052734375	121211.301	Raw
-0.0380859375	121211.301	Raw
-0.029296875	121211.316	Raw
-0.0146484375	121211.316	Raw
-0.0087890625	121211.332	Raw
-0.0029296875	121211.332	Raw
-0.005859375	121211.348	Raw
-0.005859375	121211.348	Raw
-0.0087890625	121211.363	Raw
-0.005859375	121211.363	Raw
-0.0087890625	121211.379	Raw
-0.0146484375	121211.379	Raw
-0.017578125	121211.394	Raw
-0.0234375	121211.394	Raw
-0.0234375	121211.394	Raw
-0.0234375	121211.410	Raw
-0.0234375	121211.410	Raw
-0.029296875	121211.426	Raw
-0.029296875	121211.426	Raw
-0.0263671875	121211.441	Raw
-0.0263671875	121211.441	Raw
-0.0234375	121211.457	Raw
-0.0234375	121211.472	Raw
-0.0205078125	121211.472	Raw
-0.0205078125	121211.472	Raw
-0.0205078125	121211.488	Raw
-0.0234375	121211.488	Raw
-0.0146484375	121211.504	Raw
-0.01171875	121211.504	Raw
-0.0087890625	121211.519	Raw
-0.01171875	121211.519	Raw
-0.0087890625	121211.519	Raw
-0.01171875	121211.535	Raw
-0.0146484375	121212.268	Raw
0.0029296875	121212.284	Raw
0.041015625	121212.299	Raw
0.041015625	121212.315	Raw
0.0791015625	121212.346	Raw
0.1083984375	121212.362	Raw
0.0732421875	121212.362	Raw
0.005859375	121212.362	Raw
-0.03515625	121212.362	Raw
-0.0673828125	121212.362	Raw
-0.0732421875	121212.362	Raw
-0.0908203125	121212.362	Raw
-0.1611328125	121212.362	Raw
0.1611328125	121212.362	Raw
0.7939453125	121212.362	Raw
1.2509765625	121212.362	Raw
0.240234375	121212.362	Raw
-0.451171875	121212.362	Raw
-0.4013671875	121212.362	Raw
-0.3427734375	121212.362	Raw
-0.3134765625	121212.362	Raw
-0.28125	121212.362	Raw
-0.24609375	121212.362	Raw
-0.2138671875	121212.362	Raw
-0.1875	121212.362	Raw
-0.158203125	121212.362	Raw
-0.140625	121212.362	Raw
-0.1171875	121212.362	Raw
-0.099609375	121212.362	Raw
-0.076171875	121212.362	Raw
-0.05859375	121212.362	Raw
-0.052734375	121212.362	Raw
-0.03515625	121212.362	Raw
-0.0205078125	121212.362	Raw
-0.0029296875	121212.362	Raw
0.0146484375	121212.362	Raw
0.041015625	121212.362	Raw
0.064453125	121212.362	Raw
0.08203125	121212.362	Raw
0.0966796875	121212.362	Raw
0.099609375	121212.362	Raw
0.099609375	121212.362	Raw
0.087890625	121212.362	Raw
0.0673828125	121212.362	Raw
0.0322265625	121212.362	Raw
0.0029296875	121212.362	Raw
-0.03515625	121212.362	Raw
-0.0498046875	121212.362	Raw
-0.064453125	121212.362	Raw
-0.0615234375	121212.362	Raw
-0.0615234375	121212.362	Raw
-0.05859375	121212.362	Raw
-0.0498046875	121212.362	Raw
-0.03515625	121212.362	Raw
-0.029296875	121212.362	Raw
-0.0234375	121212.362	Raw
-0.0146484375	121212.362	Raw
-0.0087890625	121212.362	Raw
-0.01171875	121212.362	Raw
-0.017578125	121212.362	Raw
-0.017578125	121212.362	Raw
-0.0205078125	121212.362	Raw
-0.0263671875	121212.362	Raw
-0.029296875	121212.362	Raw
-0.029296875	121212.362	Raw
-0.029296875	121212.362	Raw
-0.029296875	121212.362	Raw
-0.03515625	121212.362	Raw
-0.029296875	121212.362	Raw
-0.0322265625	121212.362	Raw
-0.0322265625	121212.362	Raw
-0.0263671875	121212.362	Raw
-0.029296875	121212.362	Raw
-0.0234375	121212.362	Raw
-0.029296875	121212.362	Raw
-0.029296875	121212.362	Raw
-0.029296875	121212.362	Raw
-0.0234375	121212.362	Raw
-0.0205078125	121212.362	Raw
-0.017578125	121212.362	Raw
-0.01171875	121212.362	Raw
0.01171875	121212.362	Raw
0.041015625	121212.362	Raw
0.0556640625	121212.362	Raw
0.1142578125	121212.393	Raw
0.0703125	121212.393	Raw
0.0263671875	121212.393	Raw
-0.0234375	121212.408	Raw
-0.0615234375	121212.408	Raw
-0.0791015625	121212.424	Raw
-0.0791015625	121212.486	Raw
-0.1435546875	121212.502	Raw
-0.0263671875	121212.502	Raw
0.5419921875	121212.502	Raw
1.130859375	121212.518	Raw
0.732421875	121212.518	Raw
-0.322265625	121212.533	Raw
-0.4130859375	121212.533	Raw
-0.3486328125	121212.549	Raw
-0.3193359375	121212.549	Raw
-0.29296875	121212.564	Raw
-0.2548828125	121212.564	Raw
-0.2197265625	121212.580	Raw
-0.1962890625	121212.596	Raw
-0.169921875	121212.596	Raw
-0.146484375	121212.596	Raw
-0.123046875	121212.611	Raw
-0.1083984375	121212.611	Raw
-0.087890625	121212.627	Raw
-0.0732421875	121212.627	Raw
-0.0556640625	121212.642	Raw
-0.046875	121212.642	Raw
-0.029296875	121212.658	Raw
-0.01171875	121212.674	Raw
0.005859375	121212.674	Raw
0.0263671875	121212.689	Raw
0.0439453125	121212.689	Raw
0.0703125	121212.705	Raw
0.087890625	121212.705	Raw
0.09375	121212.720	Raw
0.099609375	121212.736	Raw
0.099609375	121212.752	Raw
0.087890625	121212.767	Raw
0.0498046875	121212.783	Raw
0.0146484375	121212.783	Raw
-0.0234375	121212.783	Raw
-0.0439453125	121212.814	Raw
-0.05859375	121212.814	Raw
-0.0556640625	121212.814	Raw
-0.05859375	121212.830	Raw
-0.0498046875	121212.830	Raw
-0.0439453125	121212.845	Raw
-0.029296875	121212.845	Raw
-0.0205078125	121212.861	Raw
-0.0146484375	121212.876	Raw
-0.0146484375	121212.892	Raw
-0.01171875	121212.892	Raw
-0.0146484375	121212.892	Raw
-0.0146484375	121212.908	Raw
-0.0205078125	121212.939	Raw
-0.0205078125	121212.939	Raw
-0.0234375	121212.939	Raw
-0.0263671875	121212.954	Raw
-0.029296875	121212.954	Raw
-0.0263671875	121212.970	Raw
-0.03515625	121212.986	Raw
-0.029296875	121212.986	Raw
-0.03515625	121213.001	Raw
-0.03515625	121213.001	Raw
-0.0322265625	121213.017	Raw
-0.0322265625	121213.032	Raw
-0.0263671875	121213.048	Raw
-0.0234375	121213.064	Raw
-0.0234375	121213.079	Raw
-0.0234375	121213.079	Raw
-0.0234375	121213.095	Raw
-0.0234375	121213.095	Raw
-0.005859375	121213.110	Raw
0.005859375	121213.110	Raw
0.0439453125	121213.126	Raw
0.052734375	121213.142	Raw
0.1142578125	121213.142	Raw
0.0791015625	121213.142	Raw
0.03515625	121213.157	Raw
-0.0234375	121213.173	Raw
-0.0673828125	121213.173	Raw
-0.076171875	121213.188	Raw
-0.0791015625	121213.204	Raw
-0.134765625	121213.204	Raw
-0.0439453125	121213.220	Raw
0.5185546875	121213.235	Raw
1.119140625	121213.251	Raw
0.8173828125	121213.251	Raw
-0.2900390625	121213.266	Raw
-0.4541015625	121213.266	Raw
-0.3603515625	121213.282	Raw
-0.322265625	121213.298	Raw
-0.298828125	121213.298	Raw
-0.2666015625	121213.313	Raw
-0.2314453125	121213.329	Raw
-0.205078125	121213.344	Raw
-0.17578125	121213.344	Raw
-0.15234375	121213.360	Raw
-0.1318359375	121213.360	Raw
-0.1083984375	121213.376	Raw
-0.0908203125	121213.376	Raw
-0.0732421875	121213.407	Raw
-0.064453125	121213.407	Raw
-0.046875	121213.407	Raw
-0.0322265625	121213.422	Raw
-0.0146484375	121213.422	Raw
0	121213.438	Raw
0.017578125	121213.454	Raw
0.0439453125	121213.454	Raw
0.064453125	121213.469	Raw
0.0849609375	121213.485	Raw
0.09375	121213.500	Raw
0.09375	121213.516	Raw
0.09375	121213.532	Raw
0.087890625	121213.532	Raw
0.0615234375	121213.547	Raw
0.0263671875	121213.563	Raw
-0.01171875	121213.563	Raw
-0.0322265625	121213.578	Raw
-0.0498046875	121213.578	Raw
-0.052734375	121213.594	Raw
-0.0498046875	121213.610	Raw
-0.0439453125	121213.610	Raw
-0.0439453125	121213.625	Raw
-0.0263671875	121213.625	Raw
-0.0146484375	121213.641	Raw
-0.01171875	121213.656	Raw
-0.0087890625	121213.656	Raw
-0.0146484375	121213.672	Raw
-0.017578125	121213.688	Raw
-0.0205078125	121213.688	Raw
-0.0263671875	121213.719	Raw
-0.0263671875	121213.750	Raw
-0.029296875	121213.766	Raw
-0.0263671875	121213.766	Raw
-0.0263671875	121213.781	Raw
-0.029296875	121213.781	Raw
-0.029296875	121213.797	Raw
-0.041015625	121213.797	Raw
-0.0380859375	121213.812	Raw
-0.041015625	121213.812	Raw
-0.0380859375	121213.828	Raw
-0.0322265625	121213.844	Raw
-0.03515625	121213.844	Raw
-0.029296875	121213.844	Raw
-0.01171875	121213.859	Raw
0.0263671875	121213.859	Raw
0.01171875	121213.875	Raw
0.076171875	121213.875	Raw
0.08203125	121213.875	Raw
0.0556640625	121213.890	Raw
-0.005859375	121213.890	Raw
-0.0615234375	121213.890	Raw
-0.08203125	121213.906	Raw
-0.087890625	121213.922	Raw
-0.099609375	121213.922	Raw
-0.158203125	121213.937	Raw
0.1904296875	121213.953	Raw
0.8408203125	121213.953	Raw
1.271484375	121213.968	Raw
0.169921875	121213.984	Raw
-0.5244140625	121213.984	Raw
-0.4423828125	121214.000	Raw
-0.3515625	121214.000	Raw
-0.31640625	121214.015	Raw
-0.2841796875	121214.031	Raw
-0.24609375	121214.046	Raw
-0.216796875	121214.046	Raw
-0.1875	121214.062	Raw
-0.1669921875	121214.078	Raw
-0.140625	121214.078	Raw
-0.1171875	121214.093	Raw
-0.09375	121214.109	Raw
-0.0791015625	121214.124	Raw
-0.0673828125	121214.124	Raw
-0.0498046875	121214.140	Raw
-0.0380859375	121214.156	Raw
-0.029296875	121214.156	Raw
-0.0087890625	121214.171	Raw
0.01171875	121214.171	Raw
0.029296875	121214.187	Raw
0.0498046875	121214.187	Raw
0.0673828125	121214.202	Raw
0.076171875	121214.202	Raw
0.0791015625	121214.218	Raw
0.08203125	121214.218	Raw
0.08203125	121214.249	Raw
0.0703125	121214.249	Raw
0.041015625	121214.249	Raw
0.0029296875	121214.265	Raw
-0.029296875	121214.280	Raw
-0.0380859375	121214.296	Raw
-0.041015625	121214.296	Raw
-0.046875	121214.296	Raw
-0.0439453125	121214.312	Raw
-0.03515625	121214.327	Raw
-0.0205078125	121214.358	Raw
-0.0146484375	121214.358	Raw
-0.005859375	121214.358	Raw
-0.0087890625	121214.374	Raw
-0.0029296875	121214.390	Raw
-0.0029296875	121214.390	Raw
-0.0146484375	121214.405	Raw
-0.017578125	121214.405	Raw
-0.0146484375	121214.436	Raw
-0.0263671875	121214.436	Raw
-0.0234375	121214.452	Raw
-0.0234375	121214.452	Raw
-0.0263671875	121214.468	Raw
-0.029296875	121214.483	Raw
-0.03515625	121214.483	Raw
-0.0322265625	121214.499	Raw
-0.0322265625	121214.514	Raw
-0.029296875	121214.530	Raw
-0.0263671875	121214.530	Raw
-0.0234375	121214.530	Raw
0.0087890625	121214.546	Raw
0.0498046875	121214.546	Raw
0.0322265625	121214.561	Raw
0.10546875	121214.577	Raw
0.0791015625	121214.577	Raw
0.052734375	121214.592	Raw
-0.01171875	121214.608	Raw
-0.0615234375	121214.608	Raw
-0.0849609375	121214.624	Raw
-0.0849609375	121214.624	Raw
-0.1171875	121214.639	Raw
-0.140625	121214.655	Raw
0.28125	121214.655	Raw
0.9140625	121214.670	Raw
1.1572265625	121214.686	Raw
-0.0498046875	121214.702	Raw
-0.498046875	121214.702	Raw
-0.380859375	121214.717	Raw
-0.3251953125	121214.733	Raw
-0.3017578125	121214.748	Raw
-0.2724609375	121214.748	Raw
-0.2373046875	121214.748	Raw
-0.2021484375	121214.764	Raw
-0.1787109375	121214.764	Raw
-0.1552734375	121214.780	Raw
-0.12890625	121214.795	Raw
-0.10546875	121214.795	Raw
-0.0849609375	121214.811	Raw
-0.0703125	121214.826	Raw
-0.05859375	121214.826	Raw
-0.041015625	121214.842	Raw
-0.0234375	121214.858	Raw
-0.01171875	121214.858	Raw
0.0029296875	121214.889	Raw
0.0205078125	121214.889	Raw
0.03515625	121214.904	Raw
0.05859375	121214.904	Raw
0.0703125	121214.904	Raw
0.0908203125	121214.920	Raw
0.0849609375	121214.936	Raw
0.0791015625	121214.936	Raw
0.076171875	121214.951	Raw
0.05859375	121214.951	Raw
0.0263671875	121214.967	Raw
-0.005859375	121214.982	Raw
-0.0322265625	121215.045	Raw
-0.046875	121215.060	Raw
-0.0556640625	121215.060	Raw
-0.0556640625	121215.076	Raw
-0.0498046875	121215.076	Raw
-0.041015625	121215.092	Raw
-0.029296875	121215.107	Raw
-0.0146484375	121215.107	Raw
-0.005859375	121215.107	Raw
-0.0029296875	121215.123	Raw
0	121215.138	Raw
0	121215.154	Raw
-0.005859375	121215.154	Raw
-0.0146484375	121215.154	Raw
-0.017578125	121215.170	Raw
-0.0205078125	121215.170	Raw
-0.0263671875	121215.185	Raw
-0.029296875	121215.185	Raw
-0.041015625	121215.201	Raw
-0.0380859375	121215.201	Raw
-0.041015625	121215.216	Raw
-0.0380859375	121215.216	Raw
-0.0439453125	121215.232	Raw
-0.0380859375	121215.232	Raw
-0.03515625	121215.248	Raw
-0.0380859375	121215.248	Raw
-0.0380859375	121215.263	Raw
-0.03515625	121215.263	Raw
-0.029296875	121215.279	Raw
-0.0263671875	121215.279	Raw
-0.0234375	121215.294	Raw
-0.005859375	121215.294	Raw
0.0205078125	121215.310	Raw
0.041015625	121215.326	Raw
0.0556640625	121215.326	Raw
0.10546875	121215.341	Raw
0.0673828125	121215.357	Raw
0.01171875	121215.372	Raw
-0.03515625	121215.372	Raw
-0.0732421875	121215.372	Raw
-0.0908203125	121215.388	Raw
-0.087890625	121215.404	Raw
-0.1552734375	121215.419	Raw
-0.0087890625	121215.419	Raw
0.5712890625	121215.435	Raw
1.16015625	121215.450	Raw
0.66796875	121215.450	Raw
-0.3662109375	121215.466	Raw
-0.421875	121215.482	Raw
-0.357421875	121215.482	Raw
-0.3251953125	121215.497	Raw
-0.29296875	121215.497	Raw
-0.2607421875	121215.513	Raw
-0.2314453125	121215.528	Raw
-0.2021484375	121215.544	Raw
-0.1787109375	121215.544	Raw
-0.15234375	121215.560	Raw
-0.1318359375	121215.560	Raw
-0.10546875	121215.575	Raw
-0.0908203125	121215.575	Raw
-0.0703125	121215.591	Raw
-0.0556640625	121215.606	Raw
-0.0380859375	121215.606	Raw
-0.0234375	121215.622	Raw
-0.0029296875	121215.622	Raw
0.01171875	121215.653	Raw
0.0322265625	121215.653	Raw
0.052734375	121215.669	Raw
0.0703125	121215.684	Raw
0.0849609375	121215.684	Raw
0.0908203125	121215.684	Raw
0.0908203125	121215.700	Raw
0.0849609375	121215.700	Raw
0.0791015625	121215.716	Raw
0.052734375	121215.731	Raw
0.0205078125	121215.747	Raw
-0.0146484375	121215.747	Raw
-0.041015625	121215.762	Raw
-0.0498046875	121215.778	Raw
-0.052734375	121215.778	Raw
-0.046875	121215.794	Raw
-0.0380859375	121215.809	Raw
-0.03515625	121215.809	Raw
-0.0205078125	121215.825	Raw
-0.01171875	121215.840	Raw
-0.0087890625	121215.840	Raw
-0.0087890625	121215.856	Raw
-0.005859375	121215.856	Raw
-0.005859375	121215.872	Raw
-0.01171875	121215.887	Raw
-0.0146484375	121215.903	Raw
-0.0234375	121215.903	Raw
-0.0263671875	121215.918	Raw
-0.0322265625	121215.934	Raw
-0.0322265625	121215.934	Raw
-0.0380859375	121215.965	Raw
-0.0322265625	121215.965	Raw
-0.03515625	121215.965	Raw
-0.03515625	121215.981	Raw
-0.0322265625	121215.996	Raw
-0.0234375	121215.996	Raw
-0.0263671875	121215.996	Raw
-0.0263671875	121216.012	Raw
-0.0234375	121216.028	Raw
-0.029296875	121216.028	Raw
-0.029296875	121216.043	Raw
-0.0234375	121216.043	Raw
-0.0205078125	121216.074	Raw
-0.017578125	121216.090	Raw
-0.017578125	121216.090	Raw
-0.0146484375	121216.106	Raw
-0.0146484375	121216.106	Raw
-0.0205078125	121216.121	Raw
-0.0146484375	121216.137	Raw
0.0029296875	121216.137	Raw
0.046875	121216.168	Raw
0.0439453125	121216.168	Raw
0.1025390625	121216.184	Raw
0.0703125	121216.184	Raw
0.046875	121216.199	Raw
-0.0087890625	121216.199	Raw
-0.0615234375	121216.199	Raw
-0.076171875	121216.215	Raw
-0.0732421875	121216.230	Raw
-0.12890625	121216.230	Raw
-0.09375	121216.246	Raw
0.427734375	121216.246	Raw
1.0341796875	121216.308	Raw
0.9755859375	121216.308	Raw
-0.19921875	121216.324	Raw
-0.4541015625	121216.324	Raw
-0.357421875	121216.340	Raw
-0.328125	121216.340	Raw
-0.3017578125	121216.355	Raw
-0.26953125	121216.371	Raw
-0.2373046875	121216.371	Raw
-0.2080078125	121216.386	Raw
-0.1845703125	121216.402	Raw
-0.158203125	121216.418	Raw
-0.1376953125	121216.418	Raw
-0.1201171875	121216.418	Raw
-0.099609375	121216.418	Raw
-0.076171875	121216.418	Raw
-0.0673828125	121216.433	Raw
-0.052734375	121216.433	Raw
-0.03515625	121216.449	Raw
-0.0234375	121216.449	Raw
-0.0029296875	121216.449	Raw
0.017578125	121216.480	Raw
0.0380859375	121216.480	Raw
0.0556640625	121216.496	Raw
0.0791015625	121216.496	Raw
0.087890625	121216.511	Raw
0.087890625	121216.527	Raw
0.0849609375	121216.527	Raw
0.08203125	121216.542	Raw
0.05859375	121216.558	Raw
0.0263671875	121216.558	Raw
-0.005859375	121216.574	Raw
-0.0322265625	121216.589	Raw
-0.0439453125	121216.589	Raw
-0.0498046875	121216.605	Raw
-0.052734375	121216.605	Raw
-0.046875	121216.620	Raw
-0.0380859375	121216.636	Raw
-0.0263671875	121216.636	Raw
-0.0146484375	121216.652	Raw
-0.005859375	121216.652	Raw
0	121216.683	Raw
-0.005859375	121216.683	Raw
-0.005859375	121216.698	Raw
-0.0087890625	121216.714	Raw
-0.0205078125	121216.714	Raw
-0.0234375	121216.730	Raw
-0.0234375	121216.730	Raw
-0.0263671875	121216.745	Raw
-0.0322265625	121216.745	Raw
-0.0380859375	121216.761	Raw
-0.03515625	121216.776	Raw
-0.0322265625	121216.792	Raw
-0.0439453125	121216.792	Raw
-0.0380859375	121216.792	Raw
-0.0380859375	121216.808	Raw
-0.041015625	121216.823	Raw
-0.029296875	121216.823	Raw
-0.0263671875	121216.854	Raw
-0.0205078125	121216.854	Raw
-0.0263671875	121216.854	Raw
-0.01171875	121216.870	Raw
-0.017578125	121216.886	Raw
-0.01171875	121216.901	Raw
-0.01171875	121216.901	Raw
-0.0146484375	121216.917	Raw
-0.005859375	121216.917	Raw
-0.01171875	121216.932	Raw
-0.0146484375	121216.948	Raw
-0.0087890625	121216.964	Raw
-0.01171875	121216.964	Raw
-0.0029296875	121216.979	Raw
0.0234375	121216.995	Raw
0.03515625	121216.995	Raw
0.0703125	121216.995	Raw
0.10546875	121217.010	Raw
0.076171875	121217.026	Raw
0.0205078125	121217.026	Raw
-0.041015625	121217.042	Raw
-0.0703125	121217.057	Raw
-0.076171875	121217.073	Raw
-0.0849609375	121217.073	Raw
-0.1494140625	121217.088	Raw
0.12890625	121217.104	Raw
0.7412109375	121217.104	Raw
1.265625	121217.120	Raw
0.4189453125	121217.120	Raw
-0.4892578125	121217.135	Raw
-0.4951171875	121217.151	Raw
-0.3544921875	121217.151	Raw
-0.3193359375	121217.166	Raw
-0.287109375	121217.182	Raw
-0.251953125	121217.198	Raw
-0.22265625	121217.198	Raw
-0.193359375	121217.213	Raw
-0.1669921875	121217.213	Raw
-0.1435546875	121217.213	Raw
-0.1318359375	121217.229	Raw
-0.1083984375	121217.244	Raw
-0.0908203125	121217.260	Raw
-0.0732421875	121217.260	Raw
-0.05859375	121217.276	Raw
-0.0380859375	121217.291	Raw
-0.0234375	121217.291	Raw
-0.0087890625	121217.307	Raw
0.0029296875	121217.322	Raw
0.017578125	121217.322	Raw
0.0380859375	121217.338	Raw
0.0615234375	121217.354	Raw
0.0703125	121217.354	Raw
0.0791015625	121217.354	Raw
0.0791015625	121217.369	Raw
0.076171875	121217.385	Raw
0.0703125	121217.400	Raw
0.046875	121217.400	Raw
0.017578125	121217.400	Raw
-0.0146484375	121217.432	Raw
-0.0380859375	121217.447	Raw
-0.046875	121217.447	Raw
-0.052734375	121217.463	Raw
-0.046875	121217.463	Raw
-0.041015625	121217.478	Raw
-0.03515625	121217.494	Raw
-0.0234375	121217.494	Raw
-0.0205078125	121217.494	Raw
-0.017578125	121217.510	Raw
-0.0205078125	121217.525	Raw
-0.0205078125	121217.525	Raw
-0.017578125	121217.556	Raw
-0.0234375	121217.588	Raw
-0.0234375	121217.588	Raw
-0.029296875	121217.588	Raw
-0.0322265625	121217.603	Raw
-0.029296875	121217.619	Raw
-0.029296875	121217.619	Raw
-0.03515625	121217.634	Raw
-0.03515625	121217.634	Raw
-0.0322265625	121217.650	Raw
-0.029296875	121217.666	Raw
-0.029296875	121217.681	Raw
-0.029296875	121217.681	Raw
-0.0263671875	121217.712	Raw
-0.0234375	121217.712	Raw
-0.0234375	121217.728	Raw
-0.0234375	121217.728	Raw
-0.0205078125	121217.744	Raw
-0.0234375	121217.759	Raw
-0.017578125	121217.759	Raw
-0.0146484375	121217.759	Raw
-0.017578125	121217.775	Raw
-0.0146484375	121217.775	Raw
-0.005859375	121217.775	Raw
0.0322265625	121217.790	Raw
0.0322265625	121217.806	Raw
0.0791015625	121217.806	Raw
0.1025390625	121217.806	Raw
0.064453125	121217.822	Raw
0.0029296875	121217.822	Raw
-0.0439453125	121218.056	Raw
-0.076171875	121218.071	Raw
-0.0849609375	121218.071	Raw
-0.09375	121218.071	Raw
-0.1640625	121218.071	Raw
0.099609375	121218.071	Raw
0.7294921875	121218.071	Raw
1.259765625	121218.071	Raw
0.4072265625	121218.071	Raw
-0.451171875	121218.071	Raw
-0.427734375	121218.071	Raw
-0.3544921875	121218.071	Raw
-0.322265625	121218.071	Raw
-0.2900390625	121218.071	Raw
-0.251953125	121218.071	Raw
-0.22265625	121218.071	Raw
-0.1875	121218.071	Raw
-0.1611328125	121218.071	Raw
-0.1376953125	121218.071	Raw
-0.111328125	121218.071	Raw
-0.09375	121218.071	Raw
-0.08203125	121218.071	Raw
-0.0673828125	121218.071	Raw
-0.046875	121218.087	Raw
-0.0263671875	121218.087	Raw
-0.0146484375	121218.102	Raw
0.0029296875	121218.118	Raw
0.0205078125	121218.118	Raw
0.03515625	121218.134	Raw
0.05859375	121218.134	Raw
0.0732421875	121218.149	Raw
0.087890625	121218.149	Raw
0.0908203125	121218.165	Raw
0.0908203125	121218.165	Raw
0.0849609375	121218.180	Raw
0.064453125	121218.196	Raw
0.0322265625	121218.212	Raw
0	121218.227	Raw
-0.0322265625	121218.227	Raw
-0.0498046875	121218.227	Raw
-0.05859375	121218.243	Raw
-0.05859375	121218.243	Raw
-0.0556640625	121218.258	Raw
-0.052734375	121218.274	Raw
-0.0439453125	121218.274	Raw
-0.0263671875	121218.290	Raw
-0.0205078125	121218.305	Raw
-0.01171875	121218.321	Raw
-0.0029296875	121218.321	Raw
-0.005859375	121218.336	Raw
-0.01171875	121218.352	Raw
-0.0146484375	121218.368	Raw
-0.0205078125	121218.368	Raw
-0.0205078125	121218.383	Raw
-0.0234375	121218.383	Raw
-0.029296875	121218.399	Raw
-0.0439453125	121218.399	Raw
-0.041015625	121218.399	Raw
-0.0380859375	121218.430	Raw
-0.0439453125	121218.430	Raw
-0.0380859375	121218.446	Raw
-0.0380859375	121218.446	Raw
-0.03515625	121218.461	Raw
-0.029296875	121218.477	Raw
-0.0263671875	121218.477	Raw
-0.0263671875	121218.492	Raw
-0.0205078125	121218.508	Raw
-0.0205078125	121218.524	Raw
-0.0205078125	121218.524	Raw
-0.017578125	121218.539	Raw
-0.01171875	121218.539	Raw
-0.0146484375	121218.555	Raw
-0.0146484375	121218.555	Raw
-0.01171875	121218.570	Raw
-0.0087890625	121218.586	Raw
-0.01171875	121218.602	Raw
-0.0087890625	121218.602	Raw
0.005859375	121218.617	Raw
0.0439453125	121218.617	Raw
0.0380859375	121218.633	Raw
0.099609375	121218.648	Raw
0.08203125	121218.648	Raw
0.0439453125	121218.664	Raw
-0.01171875	121218.680	Raw
-0.052734375	121218.695	Raw
-0.076171875	121218.711	Raw
-0.0732421875	121218.711	Raw
-0.1171875	121218.711	Raw
-0.1142578125	121218.726	Raw
0.36328125	121218.726	Raw
0.990234375	121218.742	Raw
1.03125	121218.758	Raw
-0.1552734375	121218.758	Raw
-0.451171875	121218.789	Raw
-0.3603515625	121218.789	Raw
-0.328125	121218.804	Raw
-0.3017578125	121218.804	Raw
-0.2724609375	121218.804	Raw
-0.2373046875	121218.898	Raw
-0.2080078125	121218.898	Raw
-0.1845703125	121218.898	Raw
-0.1611328125	121218.914	Raw
-0.1318359375	121218.914	Raw
-0.1142578125	121218.929	Raw
-0.0966796875	121218.929	Raw
-0.0791015625	121218.945	Raw
-0.05859375	121218.945	Raw
-0.0439453125	121218.945	Raw
-0.03515625	121218.960	Raw
-0.0146484375	121218.960	Raw
0	121218.976	Raw
0.0205078125	121218.976	Raw
0.0380859375	121218.976	Raw
0.05859375	121218.992	Raw
0.0849609375	121218.992	Raw
0.0908203125	121218.992	Raw
0.0908203125	121218.992	Raw
0.0849609375	121219.007	Raw
0.0791015625	121219.038	Raw
0.0556640625	121219.038	Raw
0.0205078125	121219.038	Raw
-0.0087890625	121219.054	Raw
-0.0439453125	121219.054	Raw
-0.0615234375	121219.070	Raw
-0.0673828125	121219.070	Raw
-0.0703125	121219.101	Raw
-0.05859375	121219.101	Raw
-0.052734375	121219.101	Raw
-0.046875	121219.132	Raw
-0.03515625	121219.132	Raw
-0.0234375	121219.148	Raw
-0.0234375	121219.148	Raw
-0.0234375	121219.148	Raw
-0.0205078125	121219.163	Raw
-0.017578125	121219.179	Raw
-0.017578125	121219.194	Raw
-0.0263671875	121219.194	Raw
-0.0322265625	121219.210	Raw
-0.0380859375	121219.241	Raw
-0.0380859375	121219.241	Raw
-0.0380859375	121219.257	Raw
-0.0322265625	121219.272	Raw
-0.0380859375	121219.288	Raw
-0.0380859375	121219.288	Raw
-0.0380859375	121219.304	Raw
-0.03515625	121219.319	Raw
-0.029296875	121219.319	Raw
-0.029296875	121219.335	Raw
-0.0263671875	121219.335	Raw
-0.0263671875	121219.350	Raw
-0.029296875	121219.350	Raw
-0.0234375	121219.366	Raw
-0.0234375	121219.366	Raw
-0.0234375	121219.382	Raw
-0.01171875	121219.382	Raw
-0.0146484375	121219.413	Raw
-0.0146484375	121219.413	Raw
-0.0205078125	121219.428	Raw
-0.017578125	121219.428	Raw
-0.0146484375	121219.444	Raw
-0.0205078125	121219.444	Raw
-0.0146484375	121219.460	Raw
-0.01171875	121219.460	Raw
-0.017578125	121219.475	Raw
-0.01171875	121219.475	Raw
-0.0087890625	121219.491	Raw
0	121219.506	Raw
0.0263671875	121219.506	Raw
0.029296875	121219.522	Raw
0.0673828125	121219.522	Raw
0.111328125	121219.553	Raw
0.0791015625	121219.553	Raw
0.0087890625	121219.553	Raw
-0.029296875	121219.569	Raw
-0.05859375	121219.584	Raw
-0.0732421875	121219.584	Raw
-0.087890625	121219.600	Raw
-0.1552734375	121219.600	Raw
0.1259765625	121219.616	Raw
0.7470703125	121219.631	Raw
1.259765625	121219.647	Raw
0.3837890625	121219.662	Raw
-0.421875	121219.662	Raw
-0.421875	121219.678	Raw
-0.345703125	121219.678	Raw
-0.3134765625	121219.694	Raw
-0.275390625	121219.709	Raw
-0.2431640625	121219.725	Raw
-0.216796875	121219.725	Raw
-0.193359375	121219.725	Raw
-0.1640625	121219.740	Raw
-0.1435546875	121219.740	Raw
-0.1171875	121219.756	Raw
-0.10546875	121219.772	Raw
-0.0791015625	121219.772	Raw
-0.0615234375	121219.787	Raw
-0.046875	121219.803	Raw
-0.041015625	121219.803	Raw
-0.0205078125	121219.818	Raw
-0.005859375	121219.834	Raw
0.0087890625	121219.850	Raw
0.0263671875	121219.865	Raw
0.0556640625	121219.881	Raw
0.0791015625	121219.881	Raw
0.0966796875	121219.896	Raw
0.0908203125	121219.912	Raw
0.099609375	121219.912	Raw
0.0966796875	121219.928	Raw
0.0732421875	121219.928	Raw
0.0498046875	121219.943	Raw
0.01171875	121219.943	Raw
-0.0263671875	121219.959	Raw
-0.0498046875	121219.974	Raw
-0.0615234375	121219.974	Raw
-0.064453125	121219.990	Raw
-0.05859375	121219.990	Raw
-0.0498046875	121220.006	Raw
-0.041015625	121220.006	Raw
-0.03515625	121220.037	Raw
-0.0263671875	121220.037	Raw
-0.017578125	121220.037	Raw
-0.0205078125	121220.068	Raw
-0.0146484375	121220.084	Raw
-0.017578125	121220.084	Raw
-0.0146484375	121220.099	Raw
-0.017578125	121220.162	Raw
-0.0146484375	121220.177	Raw
-0.0263671875	121220.177	Raw
-0.029296875	121220.193	Raw
-0.0263671875	121220.193	Raw
-0.029296875	121220.208	Raw
-0.029296875	121220.208	Raw
-0.029296875	121220.224	Raw
-0.0263671875	121220.224	Raw
-0.029296875	121220.240	Raw
-0.03515625	121220.240	Raw
-0.0322265625	121220.255	Raw
-0.029296875	121220.271	Raw
-0.0263671875	121220.271	Raw
-0.029296875	121220.286	Raw
-0.0263671875	121220.286	Raw
-0.0205078125	121220.302	Raw
-0.0205078125	121220.302	Raw
-0.0205078125	121220.318	Raw
-0.017578125	121220.318	Raw
-0.01171875	121220.318	Raw
-0.0146484375	121220.333	Raw
-0.005859375	121220.349	Raw
-0.0146484375	121220.364	Raw
-0.0146484375	121220.364	Raw
-0.01171875	121220.364	Raw
0.0029296875	121220.380	Raw
0.01171875	121220.380	Raw
0.046875	121220.396	Raw
0.0439453125	121220.396	Raw
0.1083984375	121220.411	Raw
0.08203125	121220.411	Raw
0.0498046875	121220.427	Raw
-0.0146484375	121220.427	Raw
-0.0615234375	121220.442	Raw
-0.0732421875	121220.442	Raw
-0.0732421875	121220.458	Raw
-0.1171875	121220.474	Raw
-0.05859375	121220.474	Raw
0.4892578125	121220.489	Raw
1.1103515625	121220.489	Raw
0.9462890625	121220.505	Raw
-0.2958984375	121220.505	Raw
-0.5419921875	121220.520	Raw
-0.38671875	121220.536	Raw
-0.3310546875	121220.552	Raw
-0.3017578125	121220.567	Raw
-0.26953125	121220.567	Raw
-0.2373046875	121220.583	Raw
-0.2109375	121220.598	Raw
-0.1875	121220.614	Raw
-0.1640625	121220.614	Raw
-0.140625	121220.630	Raw
-0.1142578125	121220.630	Raw
-0.0966796875	121220.630	Raw
-0.08203125	121220.645	Raw
-0.0615234375	121220.645	Raw
-0.0498046875	121220.676	Raw
-0.0322265625	121220.676	Raw
-0.0205078125	121220.676	Raw
-0.0029296875	121220.692	Raw
0.0146484375	121220.692	Raw
0.0322265625	121220.692	Raw
0.0615234375	121220.723	Raw
0.08203125	121220.723	Raw
0.0849609375	121220.754	Raw
0.0908203125	121220.754	Raw
0.087890625	121220.754	Raw
0.0791015625	121220.786	Raw
0.05859375	121220.786	Raw
0.0263671875	121220.786	Raw
-0.0146484375	121220.801	Raw
-0.041015625	121220.801	Raw
-0.0556640625	121220.817	Raw
-0.0615234375	121220.832	Raw
-0.0615234375	121220.848	Raw
-0.0556640625	121220.864	Raw
-0.052734375	121220.879	Raw
-0.041015625	121220.879	Raw
-0.0380859375	121220.895	Raw
-0.029296875	121220.895	Raw
-0.0234375	121220.910	Raw
-0.029296875	121220.910	Raw
-0.029296875	121220.926	Raw
-0.0322265625	121220.942	Raw
-0.0263671875	121220.942	Raw
-0.029296875	121220.957	Raw
-0.0263671875	121220.957	Raw
-0.029296875	121220.973	Raw
-0.0322265625	121220.988	Raw
-0.03515625	121220.988	Raw
-0.041015625	121221.004	Raw
-0.0380859375	121221.004	Raw
-0.03515625	121221.020	Raw
-0.0234375	121221.035	Raw
-0.029296875	121221.051	Raw
-0.029296875	121221.051	Raw
-0.0263671875	121221.082	Raw
-0.0234375	121221.098	Raw
-0.0234375	121221.098	Raw
-0.0205078125	121221.113	Raw
-0.0146484375	121221.113	Raw
-0.0205078125	121221.129	Raw
-0.017578125	121221.129	Raw
-0.0146484375	121221.144	Raw
-0.0146484375	121221.144	Raw
-0.005859375	121221.160	Raw
0.046875	121221.160	Raw
0.041015625	121221.191	Raw
0.0908203125	121221.191	Raw
0.099609375	121221.191	Raw
0.064453125	121221.207	Raw
-0.01171875	121221.207	Raw
-0.0556640625	121221.238	Raw
-0.076171875	121221.238	Raw
-0.0849609375	121221.254	Raw
-0.10546875	121221.254	Raw
-0.146484375	121221.269	Raw
0.2138671875	121221.269	Raw
0.8466796875	121221.285	Raw
1.2333984375	121221.300	Raw
0.12890625	121221.300	Raw
-0.46875	121221.316	Raw
-0.4013671875	121221.316	Raw
-0.3369140625	121221.332	Raw
-0.3046875	121221.347	Raw
-0.2783203125	121221.347	Raw
-0.240234375	121221.363	Raw
-0.2138671875	121221.378	Raw
-0.1845703125	121221.441	Raw
-0.1611328125	121221.441	Raw
-0.134765625	121221.456	Raw
-0.111328125	121221.472	Raw
-0.0908203125	121221.472	Raw
-0.08203125	121221.488	Raw
-0.0673828125	121221.519	Raw
-0.0498046875	121221.534	Raw
-0.0322265625	121221.534	Raw
-0.0205078125	121221.534	Raw
-0.0029296875	121221.550	Raw
0.01171875	121221.550	Raw
0.03515625	121221.566	Raw
0.0615234375	121221.566	Raw
0.0791015625	121221.581	Raw
0.0908203125	121221.581	Raw
0.09375	121221.597	Raw
0.0908203125	121221.597	Raw
0.08203125	121221.597	Raw
0.064453125	121221.612	Raw
0.0322265625	121221.612	Raw
-0.005859375	121221.628	Raw
-0.0380859375	121221.628	Raw
-0.05859375	121221.644	Raw
-0.0615234375	121221.644	Raw
-0.0673828125	121221.659	Raw
-0.0615234375	121221.659	Raw
-0.05859375	121221.675	Raw
-0.046875	121221.675	Raw
-0.03515625	121221.690	Raw
-0.0234375	121221.706	Raw
-0.017578125	121221.706	Raw
-0.0146484375	121221.706	Raw
-0.0205078125	121221.722	Raw
-0.0205078125	121221.722	Raw
-0.0205078125	121221.737	Raw
-0.0234375	121221.737	Raw
-0.0263671875	121221.753	Raw
-0.0263671875	121221.753	Raw
-0.0263671875	121221.768	Raw
-0.0380859375	121221.784	Raw
-0.0380859375	121221.800	Raw
-0.0380859375	121221.800	Raw
-0.0380859375	121221.815	Raw
-0.0380859375	121221.831	Raw
-0.041015625	121221.831	Raw
-0.03515625	121221.846	Raw
-0.0380859375	121221.846	Raw
-0.03515625	121221.846	Raw
-0.03515625	121221.878	Raw
-0.029296875	121221.878	Raw
-0.0263671875	121221.893	Raw
-0.029296875	121221.909	Raw
-0.0205078125	121221.909	Raw
0	121221.924	Raw
0.041015625	121221.924	Raw
0.0439453125	121221.940	Raw
0.10546875	121221.956	Raw
0.0703125	121221.956	Raw
0.041015625	121221.971	Raw
-0.0205078125	121221.987	Raw
-0.0615234375	121222.002	Raw
-0.08203125	121222.018	Raw
-0.08203125	121222.034	Raw
-0.1318359375	121222.049	Raw
-0.1025390625	121222.065	Raw
0.404296875	121222.065	Raw
1.0166015625	121222.080	Raw
0.955078125	121222.080	Raw
-0.19921875	121222.096	Raw
-0.4423828125	121222.096	Raw
-0.3603515625	121222.112	Raw
-0.3251953125	121222.127	Raw
-0.298828125	121222.127	Raw
-0.26953125	121222.143	Raw
-0.234375	121222.143	Raw
-0.2080078125	121222.158	Raw
-0.181640625	121222.158	Raw
-0.15234375	121222.174	Raw
-0.140625	121222.174	Raw
-0.1201171875	121222.190	Raw
-0.0966796875	121222.190	Raw
-0.08203125	121222.205	Raw
-0.0615234375	121222.221	Raw
-0.0439453125	121222.236	Raw
-0.0322265625	121222.236	Raw
-0.0087890625	121222.252	Raw
0.0087890625	121222.252	Raw
0.0234375	121222.252	Raw
0.0439453125	121222.268	Raw
0.064453125	121222.283	Raw
0.087890625	121222.299	Raw
0.09375	121222.299	Raw
0.09375	121222.299	Raw
0.0908203125	121222.314	Raw
0.08203125	121222.330	Raw
0.064453125	121222.346	Raw
0.029296875	121222.346	Raw
-0.01171875	121222.361	Raw
-0.0380859375	121222.377	Raw
-0.0498046875	121222.377	Raw
-0.0615234375	121222.392	Raw
-0.05859375	121222.408	Raw
-0.0498046875	121222.424	Raw
-0.03515625	121222.439	Raw
-0.0263671875	121222.439	Raw
-0.0205078125	121222.455	Raw
-0.017578125	121222.455	Raw
-0.0087890625	121222.470	Raw
-0.005859375	121222.486	Raw
-0.0087890625	121222.486	Raw
-0.0087890625	121222.486	Raw
-0.0146484375	121222.517	Raw
-0.0205078125	121222.517	Raw
-0.0205078125	121222.517	Raw
-0.0234375	121222.533	Raw
-0.0322265625	121222.548	Raw
-0.0263671875	121222.548	Raw
-0.0205078125	121222.564	Raw
-0.0234375	121222.580	Raw
-0.0234375	121222.580	Raw
-0.0263671875	121222.595	Raw
-0.0234375	121222.611	Raw
-0.0234375	121222.611	Raw
-0.0205078125	121222.626	Raw
-0.0205078125	121222.626	Raw
-0.0205078125	121222.642	Raw
-0.0146484375	121222.720	Raw
-0.017578125	121222.736	Raw
-0.0146484375	121222.751	Raw
0.0087890625	121222.767	Raw
0.0439453125	121222.798	Raw
0.046875	121222.814	Raw
0.111328125	121222.829	Raw
0.076171875	121222.829	Raw
0.041015625	121222.845	Raw
-0.0146484375	121222.860	Raw
-0.0673828125	121222.860	Raw
-0.076171875	121222.876	Raw
-0.0732421875	121222.876	Raw
-0.1259765625	121222.876	Raw
-0.0908203125	121222.892	Raw
0.4365234375	121222.892	Raw
1.0576171875	121222.907	Raw
0.97265625	121222.923	Raw
-0.19921875	121222.923	Raw
-0.4658203125	121222.938	Raw
-0.36328125	121222.938	Raw
-0.3251953125	121222.954	Raw
-0.298828125	121222.954	Raw
-0.2607421875	121222.970	Raw
-0.2255859375	121222.970	Raw
-0.19921875	121222.985	Raw
-0.1728515625	121222.985	Raw
-0.1552734375	121223.001	Raw
-0.1318359375	121223.001	Raw
-0.10546875	121223.001	Raw
-0.0966796875	121223.016	Raw
-0.0732421875	121223.032	Raw
-0.064453125	121223.032	Raw
-0.0439453125	121223.032	Raw
-0.03515625	121223.048	Raw
-0.01171875	121223.063	Raw
0	121223.063	Raw
0.0205078125	121223.079	Raw
0.0439453125	121223.079	Raw
0.064453125	121223.094	Raw
0.076171875	121223.110	Raw
0.0908203125	121223.110	Raw
0.1025390625	121223.126	Raw
0.0966796875	121223.126	Raw
0.09375	121223.126	Raw
0.0615234375	121223.141	Raw
0.0234375	121223.157	Raw
-0.005859375	121223.157	Raw
-0.041015625	121223.172	Raw
-0.0556640625	121223.172	Raw
-0.0615234375	121223.188	Raw
-0.0615234375	121223.204	Raw
-0.0498046875	121223.204	Raw
-0.0439453125	121223.219	Raw
-0.03515625	121223.219	Raw
-0.0322265625	121223.235	Raw
-0.029296875	121223.235	Raw
-0.0234375	121223.250	Raw
-0.017578125	121223.266	Raw
-0.0205078125	121223.266	Raw
-0.03515625	121223.266	Raw
-0.0263671875	121223.282	Raw
-0.029296875	121223.282	Raw
-0.03515625	121223.282	Raw
-0.0263671875	121223.297	Raw
-0.0322265625	121223.297	Raw
-0.0380859375	121223.313	Raw
-0.0322265625	121223.328	Raw
-0.0322265625	121223.344	Raw
-0.0322265625	121223.344	Raw
-0.03515625	121223.344	Raw
-0.0380859375	121223.344	Raw
-0.03515625	121223.375	Raw
-0.03515625	121223.375	Raw
-0.0234375	121223.391	Raw
-0.005859375	121223.391	Raw
0.03515625	121223.406	Raw
0.0234375	121223.422	Raw
0.09375	121223.422	Raw
0.08203125	121223.438	Raw
0.052734375	121223.453	Raw
-0.01171875	121223.469	Raw
-0.05859375	121223.484	Raw
-0.0849609375	121223.500	Raw
-0.0791015625	121223.516	Raw
-0.1025390625	121223.516	Raw
-0.1552734375	121223.516	Raw
0.2080078125	121223.531	Raw
0.849609375	121223.547	Raw
1.25390625	121223.547	Raw
0.1201171875	121223.562	Raw
-0.521484375	121223.562	Raw
-0.4365234375	121223.578	Raw
-0.357421875	121223.578	Raw
-0.322265625	121223.594	Raw
-0.287109375	121223.609	Raw
-0.2548828125	121223.609	Raw
-0.2314453125	121223.625	Raw
-0.19921875	121223.640	Raw
-0.169921875	121223.640	Raw
-0.146484375	121223.640	Raw
-0.1259765625	121223.656	Raw
-0.1083984375	121223.672	Raw
-0.087890625	121223.672	Raw
-0.0673828125	121223.687	Raw
-0.046875	121223.703	Raw
-0.03515625	121223.703	Raw
-0.0205078125	121223.718	Raw
-0.0029296875	121223.734	Raw
0.0146484375	121223.750	Raw
0.0380859375	121223.750	Raw
0.052734375	121223.765	Raw
0.0703125	121223.781	Raw
0.08203125	121223.781	Raw
0.087890625	121223.812	Raw
0.087890625	121223.828	Raw
0.08203125	121223.843	Raw
0.0703125	121223.843	Raw
0.0439453125	121223.874	Raw
0.0087890625	121223.874	Raw
-0.0205078125	121223.874	Raw
-0.03515625	121223.874	Raw
-0.0380859375	121223.890	Raw
-0.041015625	121223.890	Raw
-0.0380859375	121223.906	Raw
-0.0263671875	121223.921	Raw
-0.0205078125	121223.921	Raw
-0.0146484375	121223.937	Raw
-0.01171875	121223.999	Raw
-0.0087890625	121223.999	Raw
-0.01171875	121224.015	Raw
-0.0146484375	121224.015	Raw
-0.0234375	121224.030	Raw
-0.0205078125	121224.030	Raw
-0.0263671875	121224.046	Raw
-0.0322265625	121224.062	Raw
-0.029296875	121224.062	Raw
-0.0322265625	121224.077	Raw
-0.029296875	121224.077	Raw
-0.03515625	121224.093	Raw
-0.0380859375	121224.108	Raw
-0.0322265625	121224.108	Raw
-0.03515625	121224.124	Raw
-0.029296875	121224.124	Raw
-0.0380859375	121224.140	Raw
-0.03515625	121224.140	Raw
-0.03515625	121224.155	Raw
-0.0322265625	121224.155	Raw
-0.029296875	121224.171	Raw
-0.029296875	121224.171	Raw
-0.01171875	121224.171	Raw
0.03515625	121224.186	Raw
0.03515625	121224.186	Raw
0.0615234375	121224.186	Raw
0.1025390625	121224.202	Raw
0.05859375	121224.218	Raw
0	121224.218	Raw
-0.052734375	121224.233	Raw
-0.0849609375	121224.233	Raw
-0.0908203125	121224.233	Raw
-0.0966796875	121224.264	Raw
-0.1669921875	121224.264	Raw
0.0205078125	121224.280	Raw
0.626953125	121224.280	Raw
1.189453125	121224.296	Raw
0.5625	121224.296	Raw
-0.3955078125	121224.311	Raw
-0.4248046875	121224.327	Raw
-0.3603515625	121224.327	Raw
-0.322265625	121224.342	Raw
-0.29296875	121224.358	Raw
-0.2578125	121224.358	Raw
-0.228515625	121224.374	Raw
-0.19921875	121224.374	Raw
-0.169921875	121224.389	Raw
-0.1494140625	121224.405	Raw
-0.123046875	121224.405	Raw
-0.099609375	121224.420	Raw
-0.08203125	121224.436	Raw
-0.0673828125	121224.436	Raw
-0.0498046875	121224.452	Raw
-0.03515625	121224.467	Raw
-0.0234375	121224.467	Raw
-0.0087890625	121224.483	Raw
0.01171875	121224.498	Raw
0.0322265625	121224.498	Raw
0.0498046875	121224.514	Raw
0.0732421875	121224.530	Raw
0.087890625	121224.530	Raw
0.09375	121224.545	Raw
0.0908203125	121224.561	Raw
0.0908203125	121224.561	Raw
0.0791015625	121224.576	Raw
0.052734375	121224.592	Raw
0.017578125	121224.608	Raw
-0.01171875	121224.608	Raw
-0.03515625	121224.623	Raw
-0.046875	121224.639	Raw
-0.0498046875	121224.654	Raw
-0.046875	121224.670	Raw
-0.0439453125	121224.670	Raw
-0.029296875	121224.670	Raw
-0.0263671875	121224.686	Raw
-0.0234375	121224.686	Raw
-0.01171875	121224.701	Raw
-0.0146484375	121224.701	Raw
-0.01171875	121224.717	Raw
-0.005859375	121224.717	Raw
-0.017578125	121224.732	Raw
-0.0146484375	121224.748	Raw
-0.0234375	121224.748	Raw
-0.0263671875	121224.764	Raw
-0.029296875	121224.779	Raw
-0.03515625	121224.779	Raw
-0.0380859375	121224.795	Raw
-0.041015625	121224.810	Raw
-0.0380859375	121224.810	Raw
-0.0380859375	121224.826	Raw
-0.0439453125	121224.842	Raw
-0.03515625	121224.842	Raw
-0.03515625	121224.857	Raw
-0.03515625	121224.857	Raw
-0.029296875	121224.873	Raw
-0.03515625	121224.873	Raw
-0.0263671875	121224.888	Raw
-0.0234375	121224.904	Raw
-0.0205078125	121224.904	Raw
-0.0205078125	121224.920	Raw
-0.0205078125	121224.935	Raw
-0.017578125	121224.951	Raw
-0.017578125	121224.951	Raw
-0.005859375	121224.966	Raw
0.01171875	121224.982	Raw
0.0439453125	121224.982	Raw
0.0615234375	121224.998	Raw
0.1171875	121224.998	Raw
0.0791015625	121225.013	Raw
0.03515625	121225.013	Raw
-0.0234375	121225.029	Raw
-0.05859375	121225.044	Raw
-0.0732421875	121225.060	Raw
-0.076171875	121225.076	Raw
-0.140625	121225.076	Raw
-0.052734375	121225.091	Raw
0.509765625	121225.091	Raw
1.1220703125	121225.107	Raw
0.7998046875	121225.107	Raw
-0.2841796875	121225.122	Raw
-0.4013671875	121225.138	Raw
-0.3486328125	121225.154	Raw
-0.3251953125	121225.154	Raw
-0.3017578125	121225.185	Raw
-0.26953125	121225.185	Raw
-0.234375	121225.200	Raw
-0.2080078125	121225.200	Raw
-0.1875	121225.263	Raw
-0.1640625	121225.263	Raw
-0.1435546875	121225.278	Raw
-0.1201171875	121225.294	Raw
-0.10546875	121225.294	Raw
-0.08203125	121225.310	Raw
-0.05859375	121225.310	Raw
-0.0498046875	121225.325	Raw
-0.0322265625	121225.325	Raw
-0.0205078125	121225.341	Raw
0.0029296875	121225.341	Raw
0.0205078125	121225.356	Raw
0.046875	121225.372	Raw
0.064453125	121225.388	Raw
0.0791015625	121225.403	Raw
0.0849609375	121225.403	Raw
0.087890625	121225.419	Raw
0.08203125	121225.419	Raw
0.0791015625	121225.434	Raw
0.0498046875	121225.434	Raw
0.017578125	121225.434	Raw
-0.0146484375	121225.450	Raw
-0.041015625	121225.466	Raw
-0.0498046875	121225.466	Raw
-0.052734375	121225.466	Raw
-0.046875	121225.481	Raw
-0.0380859375	121225.481	Raw
-0.029296875	121225.481	Raw
-0.0234375	121225.497	Raw
-0.0205078125	121225.497	Raw
-0.01171875	121225.512	Raw
-0.0087890625	121225.512	Raw
-0.01171875	121225.528	Raw
-0.01171875	121225.528	Raw
-0.017578125	121225.544	Raw
-0.017578125	121225.559	Raw
-0.0234375	121225.575	Raw
-0.0234375	121225.590	Raw
-0.0322265625	121225.590	Raw
-0.029296875	121225.590	Raw
-0.0322265625	121225.606	Raw
-0.03515625	121225.606	Raw
-0.029296875	121225.637	Raw
-0.029296875	121225.637	Raw
-0.0263671875	121225.653	Raw
-0.0234375	121225.668	Raw
-0.0234375	121225.684	Raw
-0.0205078125	121225.700	Raw
-0.0205078125	121225.700	Raw
-0.0205078125	121225.715	Raw
-0.0146484375	121225.715	Raw
-0.0146484375	121225.731	Raw
-0.01171875	121225.731	Raw
-0.0146484375	121225.746	Raw
-0.01171875	121225.746	Raw
-0.01171875	121225.762	Raw
-0.0087890625	121225.762	Raw
-0.005859375	121225.778	Raw
-0.0029296875	121225.793	Raw
-0.005859375	121225.809	Raw
0.0029296875	121225.809	Raw
0.017578125	121225.824	Raw
0.0498046875	121225.824	Raw
0.0556640625	121225.840	Raw
0.1142578125	121225.840	Raw
0.087890625	121225.856	Raw
0.0439453125	121225.856	Raw
-0.0146484375	121225.887	Raw
-0.05859375	121225.902	Raw
-0.0703125	121225.902	Raw
-0.0703125	121225.918	Raw
-0.1201171875	121225.918	Raw
-0.087890625	121225.934	Raw
0.45703125	121225.934	Raw
1.083984375	121225.949	Raw
0.955078125	121225.949	Raw
-0.2314453125	121225.965	Raw
-0.498046875	121225.980	Raw
-0.36328125	121226.012	Raw
-0.3193359375	121226.012	Raw
-0.298828125	121226.012	Raw
-0.2666015625	121226.027	Raw
-0.234375	121226.027	Raw
-0.2109375	121226.027	Raw
-0.1875	121226.043	Raw
-0.1552734375	121226.043	Raw
-0.12890625	121226.058	Raw
-0.1083984375	121226.074	Raw
-0.0966796875	121226.074	Raw
-0.0791015625	121226.105	Raw
-0.064453125	121226.105	Raw
-0.0498046875	121226.121	Raw
-0.0322265625	121226.121	Raw
-0.0146484375	121226.136	Raw
-0.0029296875	121226.152	Raw
0.0234375	121226.152	Raw
0.0439453125	121226.168	Raw
0.064453125	121226.183	Raw
0.0791015625	121226.183	Raw
0.0908203125	121226.199	Raw
0.0908203125	121226.199	Raw
0.0908203125	121226.214	Raw
0.0849609375	121226.214	Raw
0.064453125	121226.230	Raw
0.0263671875	121226.246	Raw
-0.01171875	121226.261	Raw
-0.03515625	121226.261	Raw
-0.052734375	121226.277	Raw
-0.0615234375	121226.292	Raw
-0.05859375	121226.308	Raw
-0.052734375	121226.308	Raw
-0.0380859375	121226.324	Raw
-0.0322265625	121226.324	Raw
-0.0234375	121226.324	Raw
-0.0263671875	121226.339	Raw
-0.017578125	121226.355	Raw
-0.017578125	121226.355	Raw
-0.0205078125	121226.370	Raw
-0.0234375	121226.386	Raw
-0.0234375	121226.402	Raw
-0.0263671875	121226.417	Raw
-0.0380859375	121226.417	Raw
-0.0322265625	121226.417	Raw
-0.03515625	121226.433	Raw
-0.0380859375	121226.448	Raw
-0.0439453125	121226.464	Raw
-0.0380859375	121226.464	Raw
-0.041015625	121226.480	Raw
-0.0380859375	121226.480	Raw
-0.03515625	121226.495	Raw
-0.029296875	121226.511	Raw
-0.03515625	121226.558	Raw
-0.03515625	121226.573	Raw
-0.029296875	121226.589	Raw
-0.0263671875	121226.604	Raw
-0.0263671875	121226.620	Raw
-0.029296875	121226.620	Raw
-0.0205078125	121226.636	Raw
-0.0029296875	121226.636	Raw
0.0263671875	121226.651	Raw
0.0439453125	121226.651	Raw
0.09375	121226.667	Raw
0.064453125	121226.682	Raw
0.0146484375	121226.682	Raw
-0.041015625	121226.714	Raw
-0.076171875	121226.714	Raw
-0.08203125	121226.729	Raw
-0.087890625	121226.745	Raw
-0.146484375	121226.745	Raw
-0.052734375	121226.760	Raw
0.5126953125	121226.760	Raw
1.130859375	121226.760	Raw
0.8642578125	121226.776	Raw
-0.3193359375	121226.776	Raw
-0.515625	121226.792	Raw
-0.3662109375	121226.807	Raw
-0.3251953125	121226.823	Raw
-0.2958984375	121226.823	Raw
-0.2607421875	121226.838	Raw
-0.234375	121226.854	Raw
-0.19921875	121226.854	Raw
-0.17578125	121226.870	Raw
-0.15234375	121226.870	Raw
-0.1318359375	121226.885	Raw
-0.1142578125	121226.885	Raw
-0.0908203125	121226.901	Raw
-0.076171875	121226.901	Raw
-0.0615234375	121226.932	Raw
-0.046875	121226.932	Raw
-0.029296875	121226.932	Raw
-0.01171875	121226.948	Raw
0.005859375	121226.948	Raw
0.0234375	121226.948	Raw
0.041015625	121226.963	Raw
0.05859375	121226.979	Raw
0.0791015625	121226.979	Raw
0.0908203125	121226.994	Raw
0.0908203125	121227.010	Raw
0.087890625	121227.026	Raw
0.08203125	121227.026	Raw
0.0498046875	121227.041	Raw
0.01171875	121227.041	Raw
-0.017578125	121227.057	Raw
-0.0380859375	121227.057	Raw
-0.052734375	121227.072	Raw
-0.0556640625	121227.072	Raw
-0.0498046875	121227.088	Raw
-0.041015625	121227.088	Raw
-0.0322265625	121227.104	Raw
-0.0234375	121227.104	Raw
-0.017578125	121227.119	Raw
-0.01171875	121227.119	Raw
-0.01171875	121227.135	Raw
-0.01171875	121227.135	Raw
-0.01171875	121227.135	Raw
-0.01171875	121227.150	Raw
-0.017578125	121227.150	Raw
-0.0234375	121227.166	Raw
-0.0234375	121227.182	Raw
-0.029296875	121227.197	Raw
-0.0380859375	121227.197	Raw
-0.0380859375	121227.197	Raw
-0.03515625	121227.228	Raw
-0.03515625	121227.244	Raw
-0.03515625	121227.260	Raw
-0.0322265625	121227.275	Raw
-0.029296875	121227.291	Raw
-0.0322265625	121227.306	Raw
-0.0263671875	121227.322	Raw
-0.0234375	121227.322	Raw
-0.0205078125	121227.338	Raw
-0.0205078125	121227.353	Raw
-0.0205078125	121227.353	Raw
-0.0205078125	121227.369	Raw
-0.0029296875	121227.369	Raw
0.046875	121227.369	Raw
0.03515625	121227.384	Raw
0.08203125	121227.384	Raw
0.1083984375	121227.400	Raw
0.0732421875	121227.400	Raw
0	121227.416	Raw
-0.046875	121227.431	Raw
-0.076171875	121227.431	Raw
-0.076171875	121227.447	Raw
-0.0908203125	121227.447	Raw
-0.158203125	121227.447	Raw
0.1201171875	121227.462	Raw
0.7470703125	121227.478	Raw
1.2509765625	121227.478	Raw
0.3603515625	121227.494	Raw
-0.4248046875	121227.509	Raw
-0.404296875	121227.509	Raw
-0.3486328125	121227.525	Raw
-0.3193359375	121227.540	Raw
-0.287109375	121227.540	Raw
-0.2548828125	121227.556	Raw
-0.2255859375	121227.556	Raw
-0.1962890625	121227.572	Raw
-0.169921875	121227.572	Raw
-0.15234375	121227.587	Raw
-0.123046875	121227.603	Raw
-0.10546875	121227.603	Raw
-0.087890625	121227.618	Raw
-0.0703125	121227.634	Raw
-0.0556640625	121227.650	Raw
-0.0380859375	121227.650	Raw
-0.0263671875	121227.665	Raw
-0.0087890625	121227.681	Raw
0.01171875	121227.681	Raw
0.029296875	121227.696	Raw
0.0498046875	121227.696	Raw
0.0703125	121227.712	Raw
0.087890625	121227.728	Raw
0.0908203125	121227.728	Raw
0.087890625	121227.743	Raw
0.08203125	121227.759	Raw
0.064453125	121227.759	Raw
0.0322265625	121227.774	Raw
0	121227.852	Raw
-0.029296875	121227.852	Raw
-0.0498046875	121227.852	Raw
-0.05859375	121227.868	Raw
-0.0615234375	121227.884	Raw
-0.0556640625	121227.899	Raw
-0.0439453125	121227.899	Raw
-0.0380859375	121227.915	Raw
-0.0205078125	121227.915	Raw
-0.0146484375	121227.915	Raw
-0.0087890625	121227.930	Raw
-0.0087890625	121227.946	Raw
-0.0087890625	121227.946	Raw
-0.0205078125	121227.946	Raw
-0.0146484375	121227.946	Raw
-0.0205078125	121227.962	Raw
-0.0205078125	121227.962	Raw
-0.0234375	121227.977	Raw
-0.0263671875	121227.977	Raw
-0.029296875	121227.993	Raw
-0.029296875	121227.993	Raw
-0.03515625	121228.008	Raw
-0.03515625	121228.008	Raw
-0.0380859375	121228.024	Raw
-0.03515625	121228.024	Raw
-0.03515625	121228.040	Raw
-0.029296875	121228.055	Raw
-0.0263671875	121228.055	Raw
-0.029296875	121228.071	Raw
-0.0263671875	121228.071	Raw
-0.0234375	121228.086	Raw
0	121228.102	Raw
0.0556640625	121228.102	Raw
0.03515625	121228.118	Raw
0.099609375	121228.133	Raw
0.0703125	121228.133	Raw
0.0439453125	121228.149	Raw
-0.017578125	121228.149	Raw
-0.064453125	121228.149	Raw
-0.0791015625	121228.164	Raw
-0.0791015625	121228.180	Raw
-0.1171875	121228.196	Raw
-0.1318359375	121228.196	Raw
0.31640625	121228.211	Raw
0.955078125	121228.227	Raw
1.08984375	121228.227	Raw
-0.087890625	121228.242	Raw
-0.4248046875	121228.258	Raw
-0.3544921875	121228.258	Raw
-0.3251953125	121228.274	Raw
-0.3017578125	121228.289	Raw
-0.2724609375	121228.305	Raw
-0.234375	121228.305	Raw
-0.2021484375	121228.305	Raw
-0.17578125	121228.320	Raw
-0.1552734375	121228.336	Raw
-0.1376953125	121228.367	Raw
-0.123046875	121228.367	Raw
-0.0966796875	121228.367	Raw
-0.08203125	121228.383	Raw
-0.05859375	121228.383	Raw
-0.0380859375	121228.398	Raw
-0.0234375	121228.398	Raw
-0.0087890625	121228.398	Raw
0.0087890625	121228.430	Raw
0.0263671875	121228.430	Raw
0.046875	121228.445	Raw
0.064453125	121228.445	Raw
0.0791015625	121228.461	Raw
0.0849609375	121228.476	Raw
0.087890625	121228.476	Raw
0.0849609375	121228.492	Raw
0.0732421875	121228.508	Raw
0.0556640625	121228.508	Raw
0.017578125	121228.523	Raw
-0.017578125	121228.539	Raw
-0.0380859375	121228.554	Raw
-0.0556640625	121228.554	Raw
-0.0556640625	121228.570	Raw
-0.052734375	121228.586	Raw
-0.0380859375	121228.601	Raw
-0.0380859375	121228.601	Raw
-0.029296875	121228.617	Raw
-0.0146484375	121228.632	Raw
-0.01171875	121228.632	Raw
-0.005859375	121228.648	Raw
-0.0087890625	121228.648	Raw
-0.01171875	121228.664	Raw
-0.01171875	121228.664	Raw
-0.017578125	121228.664	Raw
-0.0205078125	121228.679	Raw
-0.0234375	121228.695	Raw
-0.0263671875	121228.695	Raw
-0.0263671875	121228.710	Raw
-0.029296875	121228.726	Raw
-0.029296875	121228.726	Raw
-0.0380859375	121228.742	Raw
-0.0263671875	121228.742	Raw
-0.0263671875	121228.757	Raw
-0.0322265625	121228.773	Raw
-0.0322265625	121228.773	Raw
-0.0263671875	121228.788	Raw
-0.0234375	121228.804	Raw
-0.0263671875	121228.804	Raw
-0.017578125	121228.820	Raw
0.01171875	121228.835	Raw
0.0439453125	121228.851	Raw
0.03515625	121228.866	Raw
0.0908203125	121228.866	Raw
0.0908203125	121228.882	Raw
0.0673828125	121228.882	Raw
0	121228.898	Raw
-0.0498046875	121228.898	Raw
-0.0673828125	121228.913	Raw
-0.0732421875	121228.929	Raw
-0.0966796875	121228.929	Raw
-0.134765625	121228.944	Raw
0.251953125	121228.944	Raw
0.90234375	121228.960	Raw
1.2216796875	121228.976	Raw
0.0615234375	121228.976	Raw
-0.4775390625	121228.991	Raw
-0.3896484375	121229.007	Raw
-0.333984375	121229.007	Raw
-0.3076171875	121229.038	Raw
-0.2724609375	121229.038	Raw
-0.2431640625	121229.100	Raw
-0.2109375	121229.116	Raw
-0.1875	121229.132	Raw
-0.1640625	121229.163	Raw
-0.1376953125	121229.163	Raw
-0.123046875	121229.178	Raw
-0.1083984375	121229.178	Raw
-0.087890625	121229.194	Raw
-0.0703125	121229.194	Raw
-0.0556640625	121229.210	Raw
-0.041015625	121229.210	Raw
-0.0234375	121229.225	Raw
-0.0087890625	121229.225	Raw
0.0087890625	121229.241	Raw
0.03515625	121229.241	Raw
0.052734375	121229.256	Raw
0.0703125	121229.272	Raw
0.0703125	121229.272	Raw
0.0791015625	121229.272	Raw
0.0791015625	121229.288	Raw
0.08203125	121229.288	Raw
0.064453125	121229.303	Raw
0.0322265625	121229.303	Raw
-0.0029296875	121229.319	Raw
-0.0205078125	121229.334	Raw
-0.041015625	121229.334	Raw
-0.052734375	121229.334	Raw
-0.052734375	121229.350	Raw
-0.03515625	121229.350	Raw
-0.03515625	121229.366	Raw
-0.0234375	121229.381	Raw
-0.017578125	121229.381	Raw
-0.01171875	121229.397	Raw
-0.01171875	121229.397	Raw
-0.01171875	121229.412	Raw
-0.005859375	121229.412	Raw
-0.0146484375	121229.428	Raw
-0.017578125	121229.444	Raw
-0.017578125	121229.444	Raw
-0.0205078125	121229.459	Raw
-0.0234375	121229.459	Raw
-0.029296875	121229.475	Raw
-0.03515625	121229.475	Raw
-0.03515625	121229.475	Raw
-0.03515625	121229.490	Raw
-0.0380859375	121229.506	Raw
-0.03515625	121229.506	Raw
-0.029296875	121229.506	Raw
-0.029296875	121229.522	Raw
-0.029296875	121229.522	Raw
-0.0322265625	121229.537	Raw
-0.0234375	121229.553	Raw
0.005859375	121229.553	Raw
0.0322265625	121229.584	Raw
0.041015625	121229.584	Raw
0.1025390625	121229.600	Raw
0.0703125	121229.615	Raw
0.0322265625	121229.615	Raw
-0.0234375	121229.631	Raw
-0.0791015625	121229.631	Raw
-0.09375	121229.646	Raw
-0.0849609375	121229.646	Raw
-0.1259765625	121229.662	Raw
-0.1376953125	121229.678	Raw
0.3369140625	121229.678	Raw
0.9814453125	121229.693	Raw
1.0986328125	121229.693	Raw
-0.1494140625	121229.693	Raw
-0.5302734375	121229.724	Raw
-0.38671875	121229.724	Raw
-0.333984375	121229.740	Raw
-0.3046875	121229.756	Raw
-0.275390625	121229.756	Raw
-0.240234375	121229.787	Raw
-0.2080078125	121229.787	Raw
-0.181640625	121229.802	Raw
-0.1669921875	121229.802	Raw
-0.1435546875	121229.802	Raw
-0.123046875	121229.818	Raw
-0.099609375	121229.834	Raw
-0.0849609375	121229.849	Raw
-0.064453125	121229.849	Raw
-0.0498046875	121229.865	Raw
-0.0263671875	121229.865	Raw
-0.0205078125	121229.880	Raw
-0.0029296875	121229.896	Raw
0.0146484375	121229.896	Raw
0.029296875	121229.912	Raw
0.0439453125	121229.927	Raw
0.064453125	121229.927	Raw
0.0703125	121229.943	Raw
0.0703125	121229.958	Raw
0.0791015625	121229.958	Raw
0.0732421875	121229.974	Raw
0.0556640625	121229.990	Raw
0.029296875	121230.005	Raw
-0.005859375	121230.005	Raw
-0.029296875	121230.005	Raw
-0.0380859375	121230.021	Raw
-0.0439453125	121230.036	Raw
-0.0380859375	121230.036	Raw
-0.03515625	121230.052	Raw
-0.0234375	121230.068	Raw
-0.01171875	121230.083	Raw
-0.0146484375	121230.083	Raw
-0.0087890625	121230.099	Raw
-0.0029296875	121230.099	Raw
-0.0087890625	121230.114	Raw
-0.01171875	121230.114	Raw
-0.017578125	121230.130	Raw
-0.0234375	121230.146	Raw
-0.0205078125	121230.146	Raw
-0.0263671875	121230.146	Raw
-0.0322265625	121230.177	Raw
-0.03515625	121230.177	Raw
-0.0322265625	121230.192	Raw
-0.0380859375	121230.208	Raw
-0.0380859375	121230.208	Raw
-0.03515625	121230.224	Raw
-0.029296875	121230.224	Raw
-0.03515625	121230.239	Raw
-0.03515625	121230.239	Raw
-0.0263671875	121230.255	Raw
-0.029296875	121230.270	Raw
-0.0234375	121230.270	Raw
-0.0234375	121230.302	Raw
-0.0263671875	121230.302	Raw
-0.0234375	121230.302	Raw
-0.01171875	121230.317	Raw
0.041015625	121230.333	Raw
0.0322265625	121230.395	Raw
0.087890625	121230.395	Raw
0.08203125	121230.411	Raw
0.041015625	121230.426	Raw
-0.017578125	121230.426	Raw
-0.0673828125	121230.442	Raw
-0.0908203125	121230.442	Raw
-0.076171875	121230.458	Raw
-0.1142578125	121230.458	Raw
-0.158203125	121230.458	Raw
0.2607421875	121230.473	Raw
0.908203125	121230.473	Raw
1.21875	121230.489	Raw
0.03515625	121230.504	Raw
-0.4921875	121230.504	Raw
-0.392578125	121230.504	Raw
-0.3427734375	121230.520	Raw
-0.310546875	121230.520	Raw
-0.28125	121230.536	Raw
-0.2490234375	121230.536	Raw
-0.2138671875	121230.551	Raw
-0.1904296875	121230.551	Raw
-0.1669921875	121230.551	Raw
-0.1376953125	121230.567	Raw
-0.1171875	121230.582	Raw
-0.09375	121230.598	Raw
-0.0703125	121230.614	Raw
-0.0556640625	121230.614	Raw
-0.041015625	121230.614	Raw
-0.0263671875	121230.629	Raw
-0.005859375	121230.645	Raw
0.0087890625	121230.645	Raw
0.0263671875	121230.660	Raw
0.0439453125	121230.676	Raw
0.0703125	121230.692	Raw
0.08203125	121230.707	Raw
0.099609375	121230.707	Raw
0.09375	121230.707	Raw
0.0908203125	121230.723	Raw
0.0908203125	121230.723	Raw
0.0732421875	121230.754	Raw
0.0263671875	121230.754	Raw
-0.0087890625	121230.770	Raw
-0.0234375	121230.770	Raw
-0.0439453125	121230.770	Raw
-0.052734375	121230.801	Raw
-0.046875	121230.801	Raw
-0.046875	121230.816	Raw
-0.0439453125	121230.816	Raw
-0.029296875	121230.832	Raw
-0.0146484375	121230.848	Raw
-0.005859375	121230.848	Raw
0	121230.848	Raw
0	121230.863	Raw
0.0029296875	121230.879	Raw
-0.005859375	121230.910	Raw
-0.005859375	121230.910	Raw
-0.0087890625	121230.910	Raw
-0.0205078125	121230.926	Raw
-0.0146484375	121230.926	Raw
-0.0205078125	121230.941	Raw
-0.029296875	121230.941	Raw
-0.03515625	121230.957	Raw
-0.03515625	121230.972	Raw
-0.0322265625	121230.988	Raw
-0.029296875	121230.988	Raw
-0.029296875	121231.004	Raw
-0.041015625	121231.004	Raw
-0.041015625	121231.019	Raw
-0.03515625	121231.019	Raw
-0.005859375	121231.050	Raw
0.0498046875	121231.050	Raw
0.0439453125	121231.050	Raw
0.0966796875	121231.082	Raw
0.05859375	121231.097	Raw
0.029296875	121231.113	Raw
-0.0380859375	121231.113	Raw
-0.0849609375	121231.113	Raw
-0.099609375	121231.128	Raw
-0.099609375	121231.128	Raw
-0.12890625	121231.144	Raw
-0.15234375	121231.144	Raw
0.28125	121231.160	Raw
0.9580078125	121231.175	Raw
1.2099609375	121231.175	Raw
-0.046875	121231.191	Raw
-0.486328125	121231.222	Raw
-0.3955078125	121231.222	Raw
-0.345703125	121231.222	Raw
-0.3193359375	121231.238	Raw
-0.28125	121231.253	Raw
-0.2490234375	121231.253	Raw
-0.2138671875	121231.253	Raw
-0.1845703125	121231.269	Raw
-0.1640625	121231.284	Raw
-0.1376953125	121231.284	Raw
-0.1171875	121231.300	Raw
-0.099609375	121231.331	Raw
-0.076171875	121231.331	Raw
-0.064453125	121231.347	Raw
-0.052734375	121231.347	Raw
-0.0322265625	121231.362	Raw
-0.0146484375	121231.378	Raw
0.0029296875	121231.378	Raw
0.0146484375	121231.394	Raw
0.03515625	121231.409	Raw
0.052734375	121231.425	Raw
0.0673828125	121231.440	Raw
0.0673828125	121231.440	Raw
0.0732421875	121231.440	Raw
0.0732421875	121231.456	Raw
0.064453125	121231.456	Raw
0.046875	121231.472	Raw
0.01171875	121231.472	Raw
-0.0146484375	121231.487	Raw
-0.0380859375	121231.487	Raw
-0.0498046875	121231.503	Raw
-0.0498046875	121231.503	Raw
-0.046875	121231.534	Raw
-0.0380859375	121231.534	Raw
-0.029296875	121231.550	Raw
-0.0205078125	121231.550	Raw
-0.017578125	121231.565	Raw
-0.01171875	121231.581	Raw
-0.0087890625	121231.581	Raw
-0.0087890625	121231.596	Raw
-0.0087890625	121231.596	Raw
-0.0146484375	121231.612	Raw
-0.017578125	121231.674	Raw
-0.0234375	121231.674	Raw
-0.0263671875	121231.690	Raw
-0.0263671875	121231.706	Raw
-0.029296875	121231.706	Raw
-0.03515625	121231.721	Raw
-0.029296875	121231.737	Raw
-0.0263671875	121231.737	Raw
-0.0263671875	121231.752	Raw
-0.0263671875	121231.752	Raw
-0.0263671875	121231.768	Raw
-0.0263671875	121231.768	Raw
-0.0234375	121231.784	Raw
-0.0263671875	121231.784	Raw
-0.0263671875	121231.784	Raw
-0.0205078125	121231.799	Raw
-0.017578125	121231.815	Raw
-0.0146484375	121231.815	Raw
0	121231.846	Raw
0.0498046875	121231.846	Raw
0.0380859375	121231.846	Raw
0.0791015625	121231.862	Raw
0.1083984375	121231.862	Raw
0.064453125	121231.877	Raw
0	121231.877	Raw
-0.052734375	121231.893	Raw
-0.0849609375	121231.893	Raw
-0.0849609375	121231.908	Raw
-0.1025390625	121231.924	Raw
-0.17578125	121231.924	Raw
0.1142578125	121231.940	Raw
0.791015625	121231.940	Raw
1.2978515625	121231.955	Raw
0.3369140625	121231.955	Raw
-0.404296875	121231.971	Raw
-0.3896484375	121231.971	Raw
-0.3515625	121231.986	Raw
-0.3251953125	121232.002	Raw
-0.2958984375	121232.002	Raw
-0.263671875	121232.002	Raw
-0.228515625	121232.033	Raw
-0.205078125	121232.033	Raw
-0.1787109375	121232.049	Raw
-0.1552734375	121232.064	Raw
-0.134765625	121232.064	Raw
-0.1142578125	121232.064	Raw
-0.09375	121232.080	Raw